ISOalpha2,ISOalpha3,ar,cn,cs,da,de,el,en,es,et,fr,hu,it,ja,lt,nl,no,pl,pt,ro,ru,sk,th,uk
AF,AFG,أفغانستان,阿富汗,Afghánistán,Afghanistan,Afghanistan,Αφγανιστάν,Afghanistan,Afganistán,Afganistan,Afghanistan,Afganisztán,Afghanistan,アフガニスタン,Afganistanas,Afghanistan,Afghanistan,Afganistan,Afeganistão,Afganistan,Афганистан,Afganistan,อัฟกานิสถาน,Афганістан
AL,ALB,ألبانيا,阿尔巴尼亚,Albánie,Albanien,Albanien,Αλβανία,Albania,Albania,Albaania,Albanie,Albánia,Albania,アルバニア,Albanija,Albanië,Albania,Albania,Albânia,Albania,Албания,Albánsko,แอลเบเนีย,Албанія
DZ,DZA,الجزائر,阿尔及利亚,Alžírsko,Algeriet,Algerien,Αλγερία,Algeria,Argelia,Alžeeria,Algérie,Algéria,Algeria,アルジェリア,Alžyras,Algerije,Algerie,Algieria,Argélia,Algeria,Алжир,Alžírsko,แอลจีเรีย,Алжир
AD,AND,أندورا,安道尔,Andorra,Andorra,Andorra,Ανδόρρα,Andorra,Andorra,Andorra,Andorre,Andorra,Andorra,アンドラ,Andora,Andorra,Andorra,Andora,Andorra,Andorra,Андорра,Andorra,อันดอร์รา,Андорра
AO,AGO,أنغولا,安哥拉,Angola,Angola,Angola,Ανγκόλα,Angola,Angola,Angola,Angola,Angola,Angola,アンゴラ,Angola,Angola,Angola,Angola,Angola,Angola,Ангола,Angola,แองโกลา,Ангола
AG,ATG,أنتيغوا وباربودا,安地卡及巴布達,Antigua a Barbuda,Antigua og Barbuda,Antigua und Barbuda,Αντίγκουα και Μπαρμπούντα,Antigua and Barbuda,Antigua y Barbuda,Antigua ja Barbuda,Antigua-et-Barbuda,Antigua és Barbuda,Antigua e Barbuda,アンティグア・バーブーダ,Antigva ir Barbuda,Antigua en Barbuda,Antigua og Barbuda,Antigua i Barbuda,Antígua e Barbuda,Antigua și Barbuda,Антигуа и Барбуда,Antigua a Barbuda,แอนติกาและบาร์บูดา,Антигуа і Барбуда
AR,ARG,الأرجنتين,阿根廷,Argentina,Argentina,Argentinien,Αργεντινή,Argentina,Argentina,Argentina,Argentine,Argentína,Argentina,アルゼンチン,Argentina,Argentinië,Argentina,Argentyna,Argentina,Argentina,Аргентина,Argentína,อาร์เจนตินา,Аргентина
AM,ARM,أرمينيا,亞美尼亞,Arménie,Armenien,Armenien,Αρμενία,Armenia,Armenia,Armeenia,Arménie,Örményország,Armenia,アルメニア,Armėnija,Armenië,Armenia,Armenia,Armênia,Armenia,Армения,Arménsko,อาร์มีเนีย,Вірменія
AU,AUS,أستراليا,澳大利亚,Austrálie,Australien,Australien,Αυστραλία,Australia,Australia,Austraalia,Australie,Ausztrália,Australia,オーストラリア,Australija,Australië,Australia,Australia,Austrália,Australia,Австралия,Austrália,ออสเตรเลีย,Австралія
AT,AUT,النمسا,奥地利,Rakousko,Østrig,Österreich,Αυστρία,Austria,Austria,Austria,Autriche,Ausztria,Austria,オーストリア,Austrija,Oostenrijk,Østerrike,Austria,Áustria,Austria,Австрия,Rakúsko,ออสเตรีย,Австрія
AZ,AZE,أذربيجان,阿塞拜疆,Ázerbájdžán,Aserbajdsjan,Aserbaidschan,Αζερμπαϊτζάν,Azerbaijan,Azerbaiyán,Aserbaidžaan,Azerbaïdjan,Azerbajdzsán,Azerbaigian,アゼルバイジャン,Azerbaidžanas,Azerbeidzjan,Aserbajdsjan,Azerbejdżan,Azerbaijão,Azerbaidjan,Азербайджан,Azerbajdžan,อาเซอร์ไบจาน,Азербайджан
BS,BHS,باهاماس,巴哈马,Bahamy,Bahamas,Bahamas,Μπαχάμες,Bahamas,Bahamas,Bahama,Bahamas,Bahama-szigetek,Bahamas,バハマ,Bahamos,Bahama's,Bahamas,Bahamy,Bahamas,Bahamas,Багамские Острова,Bahamy,บาฮามาส,Багамські Острови
BH,BHR,البحرين,巴林,Bahrajn,Bahrain,Bahrain,Μπαχρέιν,Bahrain,Baréin,Bahrein,Bahreïn,Bahrein,Bahrein,バーレーン,Bahreinas,Bahrein,Bahrain,Bahrajn,Bahrein,Bahrain,Бахрейн,Bahrajn,บาห์เรน,Бахрейн
BD,BGD,بنغلاديش,孟加拉国,Bangladéš,Bangladesh,Bangladesch,Μπανγκλαντές,Bangladesh,Bangladés,Bangladesh,Bangladesh,Banglades,Bangladesh,バングラデシュ,Bangladešas,Bangladesh,Bangladesh,Bangladesz,Bangladesh,Bangladesh,Бангладеш,Bangladéš,บังกลาเทศ,Бангладеш
BB,BRB,باربادوس,巴巴多斯,Barbados,Barbados,Barbados,Μπαρμπάντος,Barbados,Barbados,Barbados,Barbade,Barbados,Barbados,バルバドス,Barbadosas,Barbados,Barbados,Barbados,Barbados,Barbados,Барбадос,Barbados,บาร์เบโดส,Барбадос
BY,BLR,روسيا البيضاء,白俄羅斯,Bělorusko,Hviderusland,Weißrussland,Λευκορωσία,Belarus,Bielorrusia,Valgevene,Biélorussie,Fehéroroszország,Bielorussia,ベラルーシ,Baltarusija,Wit-Rusland,Hviterussland,Białoruś,Bielorrússia,Belarus,Белоруссия,Bielorusko,เบลารุส,Білорусь
BE,BEL,بلجيكا,比利時,Belgie,Belgien,Belgien,Βέλγιο,Belgium,Bélgica,Belgia,Belgique,Belgium,Belgio,ベルギー,Belgija,België,Belgia,Belgia,Bélgica,Belgia,Бельгия,Belgicko,เบลเยียม,Бельгія
BZ,BLZ,بليز,伯利兹,Belize,Belize,Belize,Μπελίζ,Belize,Belice,Belize,Belize,Belize,Belize,ベリーズ,Belizas,Belize,Belize,Belize,Belize,Belize,Белиз,Belize,เบลีซ,Беліз
BJ,BEN,بنين,贝宁,Benin,Benin,Benin,Μπενίν,Benin,Benín,Benin,Bénin,Benin,Benin,ベナン,Beninas,Benin,Benin,Benin,Benim,Benin,Бенин,Benin,เบนิน,Бенін
BT,BTN,بوتان,不丹,Bhútán,Bhutan,Bhutan,Μπουτάν,Bhutan,Bután,Bhutan,Bhoutan,Bhután,Bhutan,ブータン,Butanas,Bhutan,Bhutan,Bhutan,Butão,Bhutan,Бутан,Bhután,ภูฏาน,Бутан
BO,BOL,بوليفيا,玻利维亚,Bolívie,Bolivia,Bolivien,Βολιβία,Bolivia (Plurinational State of),Bolivia,Boliivia,Bolivie,Bolívia,Bolivia,ボリビア多民族国,Bolivija,Bolivia,Bolivia,Boliwia,Bolívia,Bolivia,Боливия,Bolívia,โบลิเวีย,Болівія
BA,BIH,البوسنة والهرسك,波斯尼亚和黑塞哥维那,Bosna a Hercegovina,Bosnien-Hercegovina,Bosnien und Herzegowina,Βοσνία-Ερζεγοβίνη,Bosnia and Herzegovina,Bosnia y Herzegovina,Bosnia ja Hertsegoviina,Bosnie-Herzégovine,Bosznia-Hercegovina,Bosnia ed Erzegovina,ボスニア・ヘルツェゴビナ,Bosnija ir Hercegovina,Bosnië en Herzegovina,Bosnia-Hercegovina,Bośnia i Hercegowina,Bósnia e Herzegovina,Bosnia și Herțegovina,Босния и Герцеговина,Bosna a Hercegovina,บอสเนียและเฮอร์เซโกวีนา,Боснія і Герцеговина
BW,BWA,بوتسوانا,博茨瓦纳,Botswana,Botswana,Botswana,Μποτσουάνα,Botswana,Botsuana,Botswana,Botswana,Botswana,Botswana,ボツワナ,Botsvana,Botswana,Botswana,Botswana,Botswana,Botswana,Ботсвана,Botswana,บอตสวานา,Ботсвана
BR,BRA,البرازيل,巴西,Brazílie,Brasilien,Brasilien,Βραζιλία,Brazil,Brasil,Brasiilia,Brésil,Brazília,Brasile,ブラジル,Brazilija,Brazilië,Brasil,Brazylia,Brasil,Brazilia,Бразилия,Brazília,บราซิล,Бразилія
BN,BRN,بروناي,文莱,Brunej,Brunei,Brunei,Μπρουνέι,Brunei Darussalam,Brunéi,Brunei,Brunei,Brunei,Brunei,ブルネイ・ダルサラーム,Brunėjus,Brunei,Brunei,Brunei,Brunei,Brunei,Бруней,Brunej,บรูไน,Бруней
BG,BGR,بلغاريا,保加利亚,Bulharsko,Bulgarien,Bulgarien,Βουλγαρία,Bulgaria,Bulgaria,Bulgaaria,Bulgarie,Bulgária,Bulgaria,ブルガリア,Bulgarija,Bulgarije,Bulgaria,Bułgaria,Bulgária,Bulgaria,Болгария,Bulharsko,บัลแกเรีย,Болгарія
BF,BFA,بوركينا فاسو,布吉納法索,Burkina Faso,Burkina Faso,Burkina Faso,Μπουρκίνα Φάσο,Burkina Faso,Burkina Faso,Burkina Faso,Burkina Faso,Burkina Faso,Burkina Faso,ブルキナファソ,Burkina Faso,Burkina Faso,Burkina Faso,Burkina Faso,Burkina Faso,Burkina Faso,Буркина-Фасо,Burkina,บูร์กินาฟาโซ,Буркіна-Фасо
BI,BDI,بوروندي,布隆迪,Burundi,Burundi,Burundi,Μπουρούντι,Burundi,Burundi,Burundi,Burundi,Burundi,Burundi,ブルンジ,Burundis,Burundi,Burundi,Burundi,Burundi,Burundi,Бурунди,Burundi,บุรุนดี,Бурунді
KH,KHM,كمبوديا,柬埔寨,Kambodža,Cambodja,Kambodscha,Καμπότζη,Cambodia,Camboya,Kambodža,Cambodge,Kambodzsa,Cambogia,カンボジア,Kambodža,Cambodja,Kambodsja,Kambodża,Camboja,Cambodgia,Камбоджа,Kambodža,กัมพูชา,Камбоджа
CM,CMR,الكاميرون,喀麦隆,Kamerun,Cameroun,Kamerun,Καμερούν,Cameroon,Camerún,Kamerun,Cameroun,Kamerun,Camerun,カメルーン,Kamerūnas,Kameroen,Kamerun,Kamerun,Camarões,Camerun,Камерун,Kamerun,แคเมอรูน,Камерун
CA,CAN,كندا,加拿大,Kanada,Canada,Kanada,Καναδάς,Canada,Canadá,Kanada,Canada,Kanada,Canada,カナダ,Kanada,Canada,Canada,Kanada,Canadá,Canada,Канада,Kanada,แคนาดา,Канада
CV,CPV,الرأس الأخضر,佛得角,Kapverdy,Kap Verde,Kap Verde,Πράσινο Ακρωτήρι,Cabo Verde,Cabo Verde,Roheneemesaared,Cap-Vert,Zöld-foki Köztársaság,Capo Verde,カーボベルデ,Žaliasis Kyšulys,Kaapverdië,Kapp Verde,Republika Zielonego Przylądka,Cabo Verde,Republica Capului Verde,Кабо-Верде,Kapverdy,กาบูเวร์ดี,Кабо-Верде
CF,CAF,جمهورية أفريقيا الوسطى,中非,Středoafrická republika,Centralafrikanske Republik,Zentral­afrikanische Republik,Κεντροαφρικανική Δημοκρατία,Central African Republic,República Centroafricana,Kesk-Aafrika Vabariik,République centrafricaine,Közép-Afrika,Rep. Centrafricana,中央アフリカ共和国,Centrinės Afrikos Respublika,Centraal-Afrikaanse Republiek,Den sentralafrikanske republikk,Republika Środkowoafrykańska,República Centro-Africana,Republica Centrafricană,ЦАР,Stredoafrická republika,สาธารณรัฐแอฟริกากลาง,Центральноафриканська Республіка
TD,TCD,تشاد,乍得,Čad,Tchad,Tschad,Τσαντ,Chad,Chad,Tšaad,Tchad,Csád,Ciad,チャド,Čadas,Tsjaad,Tsjad,Czad,Chade,Ciad,Чад,Čad,ชาด,Чад
CL,CHL,تشيلي,智利,Chile,Chile,Chile,Χιλή,Chile,Chile,Tšiili,Chili,Chile,Cile,チリ,Čilė,Chili,Chile,Chile,Chile,Chile,Чили,Čile,ชิลี,Чилі
CN,CHN,الصين,中国,Čína,Kina,Volksrepublik China,Κίνα,China,China,Hiina,Chine,Kína,Cina,中華人民共和国,Kinija,China,Kina,Chiny,China,Republica Populară Chineză,Китай (Китайская Народная Республика),Čína,จีน,КНР
CO,COL,كولومبيا,哥伦比亚,Kolumbie,Colombia,Kolumbien,Κολομβία,Colombia,Colombia,Colombia,Colombie,Kolumbia,Colombia,コロンビア,Kolumbija,Colombia,Colombia,Kolumbia,Colômbia,Columbia,Колумбия,Kolumbia,โคลอมเบีย,Колумбія
KM,COM,جزر القمر,科摩罗,Komory,Comorerne,Komoren,Κομόρες,Comoros,Comoras,Komoorid,Comores (pays),Comore-szigetek,Comore,コモロ,Komorai,Comoren,Komorene,Komory,Comores,Comore,Коморы,Komory,คอโมโรส,Коморські Острови
CG,COG,جمهورية الكونغو,刚果（布）,Kongo,Congo,"Kongo, Republik",Κογκό,Congo,República del Congo,Kongo Vabariik,République du Congo,Kongói Köztársaság (Kongó),Rep. del Congo,コンゴ共和国,Kongo Respublika,Congo-Brazzaville,"Kongo, Republikken",Kongo,República do Congo,Congo,Республика Конго,Kongo,สาธารณรัฐคองโก,Республіка Конго
CD,COD,جمهورية الكونغو الديمقراطية,刚果（金）,Demokratická republika Kongo,Demokratiske Republik Congo,"Kongo, Demokratische Republik",Λαϊκή Δημοκρατία του Κογκό,"Congo, Democratic Republic of the",República Democrática del Congo,Kongo Demokraatlik Vabariik,République démocratique du Congo,Kongói Demokratikus Köztársaság (Zaire),RD del Congo,コンゴ民主共和国,Kongo Demokratinė Respublika,Congo-Kinshasa,"Kongo, Den demokratiske republikken",Demokratyczna Republika Konga,República Democrática do Congo,Republica Democrată Congo,ДР Конго,Konžská demokratická republika,สาธารณรัฐประชาธิปไตยคองโก,ДР Конго
CR,CRI,كوستاريكا,哥斯达黎加,Kostarika,Costa Rica,Costa Rica,Κόστα Ρίκα,Costa Rica,Costa Rica,Costa Rica,Costa Rica,Costa Rica,Costa Rica,コスタリカ,Kosta Rika,Costa Rica,Costa Rica,Kostaryka,Costa Rica,Costa Rica,Коста-Рика,Kostarika,คอสตาริกา,Коста-Рика
CI,CIV,ساحل العاج,科特迪瓦,Pobřeží slonoviny,Elfenbenskysten,Elfenbeinküste,Ακτή Ελεφαντοστού,Côte d'Ivoire,Costa de Marfil,Elevandiluurannik,Côte d'Ivoire,Elefántcsontpart,Costa d'Avorio,コートジボワール,Dramblio Kaulo Krantas,Ivoorkust,Elfenbenskysten,Wybrzeże Kości Słoniowej,Costa do Marfim,Coasta de Fildeș,Кот-д’Ивуар,Pobrežie Slonoviny,โกตดิวัวร์,Кот-д'Івуар
HR,HRV,كرواتيا,克罗地亚,Chorvatsko,Kroatien,Kroatien,Κροατία,Croatia,Croacia,Horvaatia,Croatie,Horvátország,Croazia,クロアチア,Kroatija,Kroatië,Kroatia,Chorwacja,Croácia,Croația,Хорватия,Chorvátsko,โครเอเชีย,Хорватія
CU,CUB,كوبا,古巴,Kuba,Cuba,Kuba,Κούβα,Cuba,Cuba,Kuuba,Cuba,Kuba,Cuba,キューバ,Kuba,Cuba,Cuba,Kuba,Cuba,Cuba,Куба,Kuba,คิวบา,Куба
CY,CYP,قبرص,賽普勒斯,Kypr,Cypern,Zypern,Κύπρος,Cyprus,Chipre,Küpros,Chypre (pays),Ciprus,Cipro,キプロス,Kipras,Cyprus,Kypros,Cypr,Chipre,Cipru,Кипр,Cyprus,ไซปรัส,Кіпр
CZ,CZE,جمهورية التشيك,捷克,Česko,Tjekkiet,Tschechien,Τσεχία,Czechia,República Checa,Tšehhi,Tchéquie,Csehország,Rep. Ceca,チェコ,Čekija,Tsjechië,Tsjekkia,Czechy,República Checa,Cehia,Чехия,Česko,เช็กเกีย,Чехія
DK,DNK,الدنمارك,丹麥,Dánsko,Danmark,Dänemark,Δανία,Denmark,Dinamarca,Taani,Danemark,Dánia,Danimarca,デンマーク,Danija,Denemarken,Danmark,Dania,Dinamarca,Danemarca,Дания,Dánsko,เดนมาร์ก,Данія
DJ,DJI,جيبوتي,吉布提,Džibutsko,Djibouti,Dschibuti,Τζιμπουτί,Djibouti,Yibuti,Djibouti,Djibouti,Dzsibuti,Gibuti,ジブチ,Džibutis,Djibouti,Djibouti,Dżibuti,Djibouti,Djibouti,Джибути,Džibutsko,จิบูตี,Джибуті
DM,DMA,دومينيكا,多米尼克,Dominika,Dominica,Dominica,Δομινίκα,Dominica,Dominica,Dominica,Dominique,Dominikai Közösség,Dominica,ドミニカ国,Dominika,Dominica,Dominica,Dominika,Dominica,Dominica,Доминика,Dominika,ดอมินีกา,Домініка
DO,DOM,جمهورية الدومينيكان,多米尼加,Dominikánská republika,Dominikanske Republik,Dominikanische Republik,Δομινικανή Δημοκρατία,Dominican Republic,República Dominicana,Dominikaani Vabariik,République dominicaine,Dominikai Köztársaság,Rep. Dominicana,ドミニカ共和国,Dominikos Respublika,Dominicaanse Republiek,Den dominikanske republikk,Dominikana,República Dominicana,Republica Dominicană,Доминиканская Республика,Dominikánska republika,สาธารณรัฐโดมินิกัน,Домініканська Республіка
EC,ECU,الإكوادور,厄瓜多尔,Ekvádor,Ecuador,Ecuador,Ισημερινός,Ecuador,Ecuador,Ecuador,Équateur (pays),Ecuador,Ecuador,エクアドル,Ekvadoras,Ecuador,Ecuador,Ekwador,Equador,Ecuador,Эквадор,Ekvádor,เอกวาดอร์,Еквадор
EG,EGY,مصر,埃及,Egypt,Egypten,Ägypten,Αίγυπτος,Egypt,Egipto,Egiptus,Égypte,Egyiptom,Egitto,エジプト,Egiptas,Egypte,Egypt,Egipt,Egito,Egipt,Египет,Egypt,อียิปต์,Єгипет
SV,SLV,السلفادور,薩爾瓦多,Salvador,El Salvador,El Salvador,Ελ Σαλβαδόρ,El Salvador,El Salvador,El Salvador,Salvador,Salvador,El Salvador,エルサルバドル,Salvadoras,El Salvador,El Salvador,Salwador,El Salvador,El Salvador,Сальвадор,Salvádor,เอลซัลวาดอร์,Сальвадор
GQ,GNQ,غينيا الاستوائية,赤道几内亚,Rovníková Guinea,Ækvatorialguinea,Äquatorialguinea,Ισημερινή Γουινέα,Equatorial Guinea,Guinea Ecuatorial,Ekvatoriaal-Guinea,Guinée équatoriale,Egyenlítői-Guinea,Guinea Equatoriale,赤道ギニア,Pusiaujo Gvinėja,Equatoriaal-Guinea,Ekvatorial-Guinea,Gwinea Równikowa,Guiné Equatorial,Guineea Ecuatorială,Экваториальная Гвинея,Rovníková Guinea,อิเควทอเรียลกินี,Екваторіальна Гвінея
ER,ERI,إريتريا,厄立特里亚,Eritrea,Eritrea,Eritrea,Ερυθραία,Eritrea,Eritrea,Eritrea,Érythrée,Eritrea,Eritrea,エリトリア,Eritrėja,Eritrea,Eritrea,Erytrea,Eritreia,Eritreea,Эритрея,Eritrea,เอริเทรีย,Еритрея
EE,EST,إستونيا,爱沙尼亚,Estonsko,Estland,Estland,Εσθονία,Estonia,Estonia,Eesti,Estonie,Észtország,Estonia,エストニア,Estija,Estland,Estland,Estonia,Estónia,Estonia,Эстония,Estónsko,เอสโตเนีย,Естонія
ET,ETH,إثيوبيا,衣索比亞,Etiopie,Etiopien,Äthiopien,Αιθιοπία,Ethiopia,Etiopía,Etioopia,Éthiopie,Etiópia,Etiopia,エチオピア,Etiopija,Ethiopië,Etiopia,Etiopia,Etiópia,Etiopia,Эфиопия,Etiópia,เอธิโอเปีย,Ефіопія
FJ,FJI,فيجي,斐济,Fidži,Fiji,Fidschi,Φίτζι,Fiji,Fiyi,Fidži,Fidji,Fidzsi,Figi,フィジー,Fidžis,Fiji,Fiji,Fidżi,Fiji,Fiji,Фиджи,Fidži,ฟีจี,Фіджі
FI,FIN,فنلندا,芬兰,Finsko,Finland,Finnland,Φινλανδία,Finland,Finlandia,Soome,Finlande,Finnország,Finlandia,フィンランド,Suomija,Finland,Finland,Finlandia,Finlândia,Finlanda,Финляндия,Fínsko,ฟินแลนด์,Фінляндія
FR,FRA,فرنسا,法國,Francie,Frankrig,Frankreich,Γαλλία,France,Francia,Prantsusmaa,France,Franciaország,Francia,フランス,Prancūzija,Frankrijk,Frankrike,Francja,França,Franța,Франция,Francúzsko,ฝรั่งเศส,Франція
GA,GAB,الغابون,加彭,Gabon,Gabon,Gabun,Γκαμπόν,Gabon,Gabón,Gabon,Gabon,Gabon,Gabon,ガボン,Gabonas,Gabon,Gabon,Gabon,Gabão,Gabon,Габон,Gabon,กาบอง,Габон
GM,GMB,غامبيا,冈比亚,Gambie,Gambia,Gambia,Γκάμπια,Gambia,Gambia,Gambia,Gambie,Gambia,Gambia,ガンビア,Gambija,Gambia,Gambia,Gambia,Gâmbia,Gambia,Гамбия,Gambia,แกมเบีย,Гамбія
GE,GEO,جورجيا,格鲁吉亚,Gruzie,Georgien,Georgien,Γεωργία,Georgia,Georgia,Gruusia,Géorgie (pays),Grúzia,Georgia,ジョージア,Gruzija,Georgië,Georgia,Gruzja,Geórgia,Georgia,Грузия,Gruzínsko,จอร์เจีย,Грузія
DE,DEU,ألمانيا,德國,Německo,Tyskland,Deutschland,Γερμανία,Germany,Alemania,Saksamaa,Allemagne,Németország,Germania,ドイツ,Vokietija,Duitsland,Tyskland,Niemcy,Alemanha,Germania,Германия,Nemecko,เยอรมนี,Німеччина
GH,GHA,غانا,加纳,Ghana,Ghana,Ghana,Γκάνα,Ghana,Ghana,Ghana,Ghana,Ghána,Ghana,ガーナ,Gana,Ghana,Ghana,Ghana,Gana,Ghana,Гана,Ghana,กานา,Гана
GR,GRC,اليونان,希臘,Řecko,Grækenland,Griechenland,Ελλάδα,Greece,Grecia,Kreeka,Grèce,Görögország,Grecia,ギリシャ,Graikija,Griekenland,Hellas,Grecja,Grécia,Grecia,Греция,Grécko,กรีซ,Греція
GD,GRD,غرينادا,格瑞那達,Grenada,Grenada,Grenada,Γρενάδα,Grenada,Granada,Grenada,Grenade (pays),Grenada,Grenada,グレナダ,Grenada,Grenada,Grenada,Grenada,Granada,Grenada,Гренада,Grenada,เกรเนดา,Гренада
GT,GTM,غواتيمالا,危地马拉,Guatemala,Guatemala,Guatemala,Γουατεμάλα,Guatemala,Guatemala,Guatemala,Guatemala,Guatemala,Guatemala,グアテマラ,Gvatemala,Guatemala,Guatemala,Gwatemala,Guatemala,Guatemala,Гватемала,Guatemala,กัวเตมาลา,Гватемала
GN,GIN,غينيا,几内亚,Guinea,Guinea,Guinea,Γουινέα,Guinea,Guinea,Guinea,Guinée,Guinea,Guinea,ギニア,Gvinėja,Guinee,Guinea,Gwinea,Guiné,Guineea,Гвинея,Guinea,กินี,Гвінея
GW,GNB,غينيا بيساو,几内亚比绍,Guinea-Bissau,Guinea-Bissau,Guinea-Bissau,Γουινέα-Μπισσάου,Guinea-Bissau,Guinea-Bisáu,Guinea-Bissau,Guinée-Bissau,Bissau-Guinea,Guinea-Bissau,ギニアビサウ,Bisau Gvinėja,Guinee-Bissau,Guinea-Bissau,Gwinea Bissau,Guiné-Bissau,Guineea-Bissau,Гвинея-Бисау,Guinea-Bissau,กินี-บิสเซา,Гвінея-Бісау
GY,GUY,غيانا,圭亚那,Guyana,Guyana,Guyana,Γουιάνα,Guyana,Guyana,Guyana,Guyana,Guyana,Guyana,ガイアナ,Gajana,Guyana,Guyana,Gujana,Guiana,Guyana,Гайана,Guyana,กายอานา,Гаяна
HT,HTI,هايتي,海地,Haiti,Haiti,Haiti,Αϊτή,Haiti,Haití,Haiti,Haïti,Haiti,Haiti,ハイチ,Haitis,Haïti,Haiti,Haiti,Haiti,Haiti,Гаити,Haiti,เฮติ,Гаїті
HN,HND,هندوراس,洪都拉斯,Honduras,Honduras,Honduras,Ονδούρα,Honduras,Honduras,Honduras,Honduras,Honduras,Honduras,ホンジュラス,Hondūras,Honduras,Honduras,Honduras,Honduras,Honduras,Гондурас,Honduras,ฮอนดูรัส,Гондурас
HU,HUN,المجر,匈牙利,Maďarsko,Ungarn,Ungarn,Ουγγαρία,Hungary,Hungría,Ungari,Hongrie,Magyarország,Ungheria,ハンガリー,Vengrija,Hongarije,Ungarn,Węgry,Hungria,Ungaria,Венгрия,Maďarsko,ฮังการี,Угорщина
IS,ISL,آيسلندا,冰島,Island,Island,Island,Ισλανδία,Iceland,Islandia,Island,Islande,Izland,Islanda,アイスランド,Islandija,IJsland,Island,Islandia,Islândia,Islanda,Исландия,Island,ไอซ์แลนด์,Ісландія
IN,IND,الهند,印度,Indie,Indien,Indien,Ινδία,India,India,India,Inde,India,India,インド,Indija,India,India,Indie,Índia,India,Индия,India,อินเดีย,Індія
ID,IDN,إندونيسيا,印尼,Indonésie,Indonesien,Indonesien,Ινδονησία,Indonesia,Indonesia,Indoneesia,Indonésie,Indonézia,Indonesia,インドネシア,Indonezija,Indonesië,Indonesia,Indonezja,Indonésia,Indonezia,Индонезия,Indonézia,อินโดนีเซีย,Індонезія
IR,IRN,إيران,伊朗,Írán,Iran,Iran,Ιράν,Iran (Islamic Republic of),Irán,Iraan,Iran,Irán,Iran,イラン・イスラム共和国,Iranas,Iran,Iran,Iran,Irão,Iran,Иран,Irán,อิหร่าน,Іран
IQ,IRQ,العراق,伊拉克,Irák,Irak,Irak,Ιράκ,Iraq,Irak,Iraak,Irak,Irak,Iraq,イラク,Irakas,Irak,Irak,Irak,Iraque,Irak,Ирак,Irak,อิรัก,Ірак
IE,IRL,أيرلندا,爱尔兰,Irsko,Irland,Irland,Ιρλανδία,Ireland,Irlanda,Iirimaa,Irlande (pays),Írország,Irlanda,アイルランド,Airija,Ierland,Irland,Irlandia,Irlanda,Republica Irlanda,Ирландия,Írsko,ไอร์แลนด์,Ірландія
IL,ISR,إسرائيل,以色列,Izrael,Israel,Israel,Ισραήλ,Israel,Israel,Iisrael,Israël,Izrael,Israele,イスラエル,Izraelis,Israël,Israel,Izrael,Israel,Israel,Израиль,Izrael,อิสราเอล,Ізраїль
IT,ITA,إيطاليا,義大利,Itálie,Italien,Italien,Ιταλία,Italy,Italia,Itaalia,Italie,Olaszország,Italia,イタリア,Italija,Italië,Italia,Włochy,Itália,Italia,Италия,Taliansko,อิตาลี,Італія
JM,JAM,جامايكا,牙买加,Jamajka,Jamaica,Jamaika,Τζαμάικα,Jamaica,Jamaica,Jamaica,Jamaïque,Jamaica,Giamaica,ジャマイカ,Jamaika,Jamaica,Jamaica,Jamajka,Jamaica,Jamaica,Ямайка,Jamajka,จาเมกา,Ямайка
JP,JPN,اليابان,日本,Japonsko,Japan,Japan,Ιαπωνία,Japan,Japón,Jaapan,Japon,Japán,Giappone,日本,Japonija,Japan,Japan,Japonia,Japão,Japonia,Япония,Japonsko,ญี่ปุ่น,Японія
JO,JOR,الأردن,约旦,Jordánsko,Jordan,Jordanien,Ιορδανία,Jordan,Jordania,Jordaania,Jordanie,Jordánia,Giordania,ヨルダン,Jordanija,Jordanië,Jordan,Jordania,Jordânia,Iordania,Иордания,Jordánsko,จอร์แดน,Йорданія
KZ,KAZ,كازاخستان,哈萨克斯坦,Kazachstán,Kasakhstan,Kasachstan,Καζακστάν,Kazakhstan,Kazajistán,Kasahstan,Kazakhstan,Kazahsztán,Kazakistan,カザフスタン,Kazachstanas,Kazachstan,Kasakhstan,Kazachstan,Cazaquistão,Kazahstan,Казахстан,Kazachstan,คาซัคสถาน,Казахстан
KE,KEN,كينيا,肯尼亚,Keňa,Kenya,Kenia,Κένυα,Kenya,Kenia,Keenia,Kenya,Kenya,Kenya,ケニア,Kenija,Kenia,Kenya,Kenia,Quênia,Kenya,Кения,Keňa,เคนยา,Кенія
KI,KIR,كيريباتي,基里巴斯,Kiribati,Kiribati,Kiribati,Κιριμπάτι,Kiribati,Kiribati,Kiribati,Kiribati,Kiribati,Kiribati,キリバス,Kiribatis,Kiribati,Kiribati,Kiribati,Kiribati,Kiribati,Кирибати,Kiribati,คิริบาส,Кірибаті
KP,PRK,كوريا الشمالية,朝鲜,Severní Korea,Nordkorea,"Korea, Nord",Βόρεια Κορέα,Korea (Democratic People's Republic of),Corea del Norte,Põhja-Korea,Corée du Nord,Észak-Korea (Koreai NDK),Corea del Nord,朝鮮民主主義人民共和国,Šiaurės Korėja,Noord-Korea,Nord-Korea,Korea Północna,Coreia do Norte,Coreea de Nord,КНДР (Корейская Народно-Демократическая Республика),Kórejská ľudovodemokratická republika,เกาหลีเหนือ,Північна Корея
KR,KOR,كوريا الجنوبية,韩国,Jižní Korea,Sydkorea,"Korea, Süd",Νότια Κορέα,"Korea, Republic of",Corea del Sur,Lõuna-Korea,Corée du Sud,Dél-Korea (Koreai Köztársaság),Corea del Sud,大韓民国,Pietų Korėja,Zuid-Korea,Sør-Korea,Korea Południowa,Coreia do Sul,Coreea de Sud,Республика Корея,Kórejská republika,เกาหลีใต้,Південна Корея
KW,KWT,الكويت,科威特,Kuvajt,Kuwait,Kuwait,Κουβέιτ,Kuwait,Kuwait,Kuveit,Koweït,Kuvait,Kuwait,クウェート,Kuveitas,Koeweit,Kuwait,Kuwejt,Kuwait,Kuweit,Кувейт,Kuvajt,คูเวต,Кувейт
KG,KGZ,قيرغيزستان,吉尔吉斯斯坦,Kyrgyzstán,Kirgisistan,Kirgisistan,Κιργιζία,Kyrgyzstan,Kirguistán,Kõrgõzstan,Kirghizistan,Kirgizisztán,Kirghizistan,キルギス,Kirgizija,Kirgizië,Kirgisistan,Kirgistan,Quirguistão,Kârgâzstan,Киргизия,Kirgizsko,คีร์กีซสถาน,Киргизстан
LA,LAO,لاوس,老挝,Laos,Laos,Laos,Λάος,Lao People's Democratic Republic,Laos,Laos,Laos,Laosz,Laos,ラオス人民民主共和国,Laosas,Laos,Laos,Laos,Laos,Laos,Лаос,Laos,ลาว,Лаос
LV,LVA,لاتفيا,拉脫維亞,Lotyšsko,Letland,Lettland,Λεττονία,Latvia,Letonia,Läti,Lettonie,Lettország,Lettonia,ラトビア,Latvija,Letland,Latvia,Łotwa,Letônia,Letonia,Латвия,Lotyšsko,ลัตเวีย,Латвія
LB,LBN,لبنان,黎巴嫩,Libanon,Libanon,Libanon,Λίβανος,Lebanon,Líbano,Liibanon,Liban,Libanon,Libano,レバノン,Libanas,Libanon,Libanon,Liban,Líbano,Liban,Ливан,Libanon,เลบานอน,Ліван
LS,LSO,ليسوتو,賴索托,Lesotho,Lesotho,Lesotho,Λεσότο,Lesotho,Lesoto,Lesotho,Lesotho,Lesotho,Lesotho,レソト,Lesotas,Lesotho,Lesotho,Lesotho,Lesoto,Lesotho,Лесото,Lesotho,เลโซโท,Лесото
LR,LBR,ليبيريا,利比里亚,Libérie,Liberia,Liberia,Λιβερία,Liberia,Liberia,Libeeria,Liberia,Libéria,Liberia,リベリア,Liberija,Liberia,Liberia,Liberia,Libéria,Liberia,Либерия,Libéria,ไลบีเรีย,Ліберія
LY,LBY,ليبيا,利比亞,Libye,Libyen,Libyen,Λιβύη,Libya,Libia,Liibüa,Libye,Líbia,Libia,リビア,Libija,Libië,Libya,Libia,Líbia,Libia,Ливия,Líbya,ลิเบีย,Лівія
LI,LIE,ليختنشتاين,列支敦斯登,Lichtenštejnsko,Liechtenstein,Liechtenstein,Λίχτενσταϊν,Liechtenstein,Liechtenstein,Liechtenstein,Liechtenstein,Liechtenstein,Liechtenstein,リヒテンシュタイン,Lichtenšteinas,Liechtenstein,Liechtenstein,Liechtenstein,Liechtenstein,Liechtenstein,Лихтенштейн,Lichtenštajnsko,ลิกเตนสไตน์,Ліхтенштейн
LT,LTU,ليتوانيا,立陶宛,Litva,Litauen,Litauen,Λιθουανία,Lithuania,Lituania,Leedu,Lituanie,Litvánia,Lituania,リトアニア,Lietuva,Litouwen,Litauen,Litwa,Lituânia,Lituania,Литва,Litva,ลิทัวเนีย,Литва
LU,LUX,لوكسمبورغ,卢森堡,Lucembursko,Luxembourg,Luxemburg,Λουξεμβούργο,Luxembourg,Luxemburgo,Luksemburg,Luxembourg (pays),Luxemburg,Lussemburgo,ルクセンブルク,Liuksemburgas,Luxemburg,Luxembourg,Luksemburg,Luxemburgo,Luxemburg,Люксембург,Luxembursko,ลักเซมเบิร์ก,Люксембург
MK,MKD,مقدونيا,北馬其頓,Severní Makedonie,Makedonien,Nordmazedonien,Βόρεια Μακεδονία,North Macedonia,Macedonia del Norte,Põhja-Makedoonia,Macédoine du Nord,Macedónia,Macedonia del Nord,北マケドニア,Makedonija,Noord-Macedonië,"Makedonia, Republikken",Macedonia Północna,Macedônia do Norte,Republica Macedonia,Северная Македония,Severné Macedónsko,นอร์ทมาซิโดเนีย,Північна Македонія
MG,MDG,مدغشقر,马达加斯加,Madagaskar,Madagaskar,Madagaskar,Μαδαγασκάρη,Madagascar,Madagascar,Madagaskar,Madagascar,Madagaszkár,Madagascar,マダガスカル,Madagaskaras,Madagaskar,Madagaskar,Madagaskar,Madagáscar,Madagascar,Мадагаскар,Madagaskar,มาดากัสการ์,Мадагаскар
MW,MWI,مالاوي,马拉维,Malawi,Malawi,Malawi,Μαλάουι,Malawi,Malaui,Malawi,Malawi,Malawi,Malawi,マラウイ,Malavis,Malawi,Malawi,Malawi,Malawi,Malawi,Малави,Malawi,มาลาวี,Малаві
MY,MYS,ماليزيا,马来西亚,Malajsie,Malaysia,Malaysia,Μαλαισία,Malaysia,Malasia,Malaisia,Malaisie,Malajzia,Malaysia,マレーシア,Malaizija,Maleisië,Malaysia,Malezja,Malásia,Malaezia,Малайзия,Malajzia,มาเลเซีย,Малайзія
MV,MDV,جزر المالديف,馬爾地夫,Maledivy,Maldiverne,Malediven,Μαλδίβες,Maldives,Maldivas,Maldiivid,Maldives,Maldív-szigetek,Maldive,モルディブ,Maldyvai,Maldiven,Maldivene,Malediwy,Maldivas,Maldive,Мальдивы,Maldivy,มัลดีฟส์,Мальдіви
ML,MLI,مالي,马里,Mali,Mali,Mali,Μάλι,Mali,Malí,Mali,Mali,Mali,Mali,マリ,Malis,Mali,Mali,Mali,Mali,Mali,Мали,Mali,มาลี,Малі
MT,MLT,مالطا,馬爾他,Malta,Malta,Malta,Μάλτα,Malta,Malta,Malta,Malte,Málta,Malta,マルタ,Malta,Malta,Malta,Malta,Malta,Malta,Мальта,Malta,มอลตา,Мальта
MH,MHL,جزر مارشال,马绍尔群岛,Marshallovy ostrovy,Marshalløerne,Marshallinseln,Νήσοι Μάρσαλ,Marshall Islands,Islas Marshall,Marshalli Saared,Îles Marshall (pays),Marshall-szigetek,Isole Marshall,マーシャル諸島,Maršalo salos,Marshalleilanden,Marshalløyene,Wyspy Marshalla,Ilhas Marshall,Insulele Marshall,Маршалловы Острова,Marshallove ostrovy,หมู่เกาะมาร์แชลล์,Маршаллові Острови
MR,MRT,موريتانيا,毛里塔尼亚,Mauritánie,Mauretanien,Mauretanien,Μαυριτανία,Mauritania,Mauritania,Mauritaania,Mauritanie,Mauritánia,Mauritania,モーリタニア,Mauritanija,Mauritanië,Mauritania,Mauretania,Mauritânia,Mauritania,Мавритания,Mauritánia,มอริเตเนีย,Мавританія
MU,MUS,موريشيوس,模里西斯,Mauricius,Mauritius,Mauritius,Μαυρίκιος,Mauritius,Mauricio,Mauritius,Maurice (pays),Mauritius,Mauritius,モーリシャス,Mauricijus,Mauritius,Mauritius,Mauritius,Maurícia,Mauritius,Маврикий,Maurícius,มอริเชียส,Маврикій
MX,MEX,المكسيك,墨西哥,Mexiko,Mexico,Mexiko,Μεξικό,Mexico,México,Mehhiko,Mexique,Mexikó,Messico,メキシコ,Meksika,Mexico,Mexico,Meksyk,México,Mexic,Мексика,Mexiko,เม็กซิโก,Мексика
FM,FSM,ولايات ميكرونيسيا المتحدة,密克羅尼西亞聯邦,Mikronésie,Mikronesien,Mikronesien,Ομόσπονδες Πολιτείες της Μικρονησίας,Micronesia (Federated States of),Micronesia,Mikroneesia Liiduriigid,États fédérés de Micronésie (pays),Mikronézia,Micronesia,ミクロネシア連邦,Mikronezija,Micronesia,Mikronesiaføderasjonen,Mikronezja,Estados Federados da Micronésia,Micronezia,Микронезия,Mikronézia,ไมโครนีเซีย,Федеративні Штати Мікронезії
MA,MAR,المغرب,摩洛哥,Maroko,Marokko,Marokko,Μαρόκο,Morocco,Marruecos,Maroko,Maroc,Marokkó,Marocco,モロッコ,Marokas,Marokko,Marokko,Maroko,Marrocos,Maroc,Марокко,Maroko,โมร็อกโก,Марокко
MD,MDA,مولدوفا,摩尔多瓦,Moldavsko,Moldova,Moldau,Μολδαβία,"Moldova, Republic of",Moldavia,Moldova,Moldavie,Moldova,Moldavia,モルドバ共和国,Moldavija,Moldavië,Moldova,Mołdawia,Moldávia,Republica Moldova,Молдавия,Moldavsko,มอลโดวา,Молдова
MC,MCO,موناكو,摩納哥,Monako,Monaco,Monaco,Μονακό,Monaco,Mónaco,Monaco,Monaco,Monaco,Monaco,モナコ,Monakas,Monaco,Monaco,Monako,Mónaco,Monaco,Монако,Monako,โมนาโก,Монако
MN,MNG,منغوليا,蒙古國,Mongolsko,Mongoliet,Mongolei,Μογγολία,Mongolia,Mongolia,Mongoolia,Mongolie,Mongólia,Mongolia,モンゴル,Mongolija,Mongolië,Mongolia,Mongolia,Mongólia,Mongolia,Монголия,Mongolsko,มองโกเลีย,Монголія
ME,MNE,الجبل الأسود,蒙特內哥羅,Černá Hora,Montenegro,Montenegro,Μαυροβούνιο,Montenegro,Montenegro,Montenegro,Monténégro,Montenegró,Montenegro,モンテネグロ,Juodkalnija,Montenegro,Montenegro,Czarnogóra,Montenegro,Muntenegru,Черногория,Čierna Hora,มอนเตเนโกร,Чорногорія
MZ,MOZ,موزمبيق,莫桑比克,Mosambik,Mozambique,Mosambik,Μοζαμβίκη,Mozambique,Mozambique,Mosambiik,Mozambique,Mozambik,Mozambico,モザンビーク,Mozambikas,Mozambique,Mosambik,Mozambik,Moçambique,Mozambic,Мозамбик,Mozambik,โมซัมบิก,Мозамбік
MM,MMR,ميانمار,緬甸,Myanmar,Burma,Myanmar,Μιανμάρ,Myanmar,Birmania,Birma,Birmanie,Mianmar,Birmania,ミャンマー,Mianmaras,Myanmar,Myanmar,Mjanma,Mianmar,Myanmar,Мьянма,Mjanmarsko,พม่า,М'янма
"NA",NAM,ناميبيا,纳米比亚,Namibie,Namibia,Namibia,Ναμίμπια,Namibia,Namibia,Namiibia,Namibie,Namíbia,Namibia,ナミビア,Namibija,Namibië,Namibia,Namibia,Namíbia,Namibia,Намибия,Namíbia,นามิเบีย,Намібія
NR,NRU,ناورو,瑙鲁,Nauru,Nauru,Nauru,Ναουρού,Nauru,Nauru,Nauru,Nauru,Nauru,Nauru,ナウル,Nauru,Nauru,Nauru,Nauru,Nauru,Nauru,Науру,Nauru,นาอูรู,Науру
NP,NPL,نيبال,尼泊尔,Nepál,Nepal,Nepal,Νεπάλ,Nepal,Nepal,Nepal,Népal,Nepál,Nepal,ネパール,Nepalas,Nepal,Nepal,Nepal,Nepal,Nepal,Непал,Nepál,เนปาล,Непал
NL,NLD,هولندا,荷蘭,Nizozemsko,Holland,Niederlande,Ολλανδία (Κάτω Χώρες),Netherlands,Países Bajos,Holland,Pays-Bas,Hollandia,Paesi Bassi,オランダ,Nyderlandai,Nederland,Nederland,Holandia,Países Baixos,Țările de Jos,Нидерланды,Holandsko,เนเธอร์แลนด์,Нідерланди
NZ,NZL,نيوزيلندا,新西蘭,Nový Zéland,New Zealand,Neuseeland,Νέα Ζηλανδία,New Zealand,Nueva Zelanda,Uus-Meremaa,Nouvelle-Zélande,Új-Zéland,Nuova Zelanda,ニュージーランド,Naujoji Zelandija,Nieuw-Zeeland,New Zealand,Nowa Zelandia,Nova Zelândia,Noua Zeelandă,Новая Зеландия,Nový Zéland,นิวซีแลนด์,Нова Зеландія
NI,NIC,نيكاراغوا,尼加拉瓜,Nikaragua,Nicaragua,Nicaragua,Νικαράγουα,Nicaragua,Nicaragua,Nicaragua,Nicaragua,Nicaragua,Nicaragua,ニカラグア,Nikaragva,Nicaragua,Nicaragua,Nikaragua,Nicarágua,Nicaragua,Никарагуа,Nikaragua,นิการากัว,Нікарагуа
NE,NER,النيجر,尼日尔,Niger,Niger,Niger,Νίγηρας,Niger,Níger,Niger,Niger,Niger,Niger,ニジェール,Nigeris,Niger,Niger,Niger,Níger,Niger,Нигер,Niger,ไนเจอร์,Нігер
NG,NGA,نيجيريا,奈及利亞,Nigérie,Nigeria,Nigeria,Νιγηρία,Nigeria,Nigeria,Nigeeria,Nigeria,Nigéria,Nigeria,ナイジェリア,Nigerija,Nigeria,Nigeria,Nigeria,Nigéria,Nigeria,Нигерия,Nigéria,ไนจีเรีย,Нігерія
NO,NOR,النرويج,挪威,Norsko,Norge,Norwegen,Νορβηγία,Norway,Noruega,Norra,Norvège,Norvégia,Norvegia,ノルウェー,Norvegija,Noorwegen,Norge,Norwegia,Noruega,Norvegia,Норвегия,Nórsko,นอร์เวย์,Норвегія
OM,OMN,عمان,阿曼,Omán,Oman,Oman,Ομάν,Oman,Omán,Omaan,Oman,Omán,Oman,オマーン,Omanas,Oman,Oman,Oman,Omã,Oman,Оман,Omán,โอมาน,Оман
PK,PAK,باكستان,巴基斯坦,Pákistán,Pakistan,Pakistan,Πακιστάν,Pakistan,Pakistán,Pakistan,Pakistan,Pakisztán,Pakistan,パキスタン,Pakistanas,Pakistan,Pakistan,Pakistan,Paquistão,Pakistan,Пакистан,Pakistan,ปากีสถาน,Пакистан
PW,PLW,بالاو,帛琉,Palau,Palau,Palau,Παλάου,Palau,Palaos,Belau,Palaos,Palau,Palau,パラオ,Palau,Palau,Palau,Palau,Palau,Palau,Палау,Palau,ปาเลา,Палау
PA,PAN,بنما,巴拿马,Panama,Panama,Panama,Παναμάς,Panama,Panamá,Panama,Panama,Panama,Panama,パナマ,Panama,Panama,Panama,Panama,Panamá,Panama,Панама,Panama,ปานามา,Панама
PG,PNG,بابوا غينيا الجديدة,巴布亚新几内亚,Papua-Nová Guinea,Papua Ny Guinea,Papua-Neuguinea,Παπούα Νέα Γουινέα,Papua New Guinea,Papúa Nueva Guinea,Paapua Uus-Guinea,Papouasie-Nouvelle-Guinée,Pápua Új-Guinea,Papua Nuova Guinea,パプアニューギニア,Papua Naujoji Gvinėja,Papoea-Nieuw-Guinea,Papua Ny-Guinea,Papua-Nowa Gwinea,Papua-Nova Guiné,Papua Noua Guinee,Папуа — Новая Гвинея,Papua-Nová Guinea,ปาปัวนิวกินี,Папуа Нова Гвінея
PY,PRY,باراغواي,巴拉圭,Paraguay,Paraguay,Paraguay,Παραγουάη,Paraguay,Paraguay,Paraguay,Paraguay,Paraguay,Paraguay,パラグアイ,Paragvajus,Paraguay,Paraguay,Paragwaj,Paraguai,Paraguay,Парагвай,Paraguaj,ปารากวัย,Парагвай
PE,PER,بيرو,秘魯,Peru,Peru,Peru,Περού,Peru,Perú,Peruu,Pérou,Peru,Perù,ペルー,Peru,Peru,Peru,Peru,Peru,Peru,Перу,Peru,เปรู,Перу
PH,PHL,الفلبين,菲律賓,Filipíny,Filippinerne,Philippinen,Φιλιππίνες,Philippines,Filipinas,Filipiinid,Philippines,Fülöp-szigetek,Filippine,フィリピン,Filipinai,Filipijnen,Filippinene,Filipiny,Filipinas,Filipine,Филиппины,Filipíny,ฟิลิปปินส์,Філіппіни
PL,POL,بولندا,波蘭,Polsko,Polen,Polen,Πολωνία,Poland,Polonia,Poola,Pologne,Lengyelország,Polonia,ポーランド,Lenkija,Polen,Polen,Polska,Polónia,Polonia,Польша,Poľsko,โปแลนด์,Польща
PT,PRT,البرتغال,葡萄牙,Portugalsko,Portugal,Portugal,Πορτογαλία,Portugal,Portugal,Portugal,Portugal,Portugália,Portogallo,ポルトガル,Portugalija,Portugal,Portugal,Portugalia,Portugal,Portugalia,Португалия,Portugalsko,โปรตุเกส,Португалія
QA,QAT,قطر,卡塔尔,Katar,Qatar,Katar,Κατάρ,Qatar,Catar,Katar,Qatar,Katar,Qatar,カタール,Kataras,Qatar,Qatar,Katar,Catar,Qatar,Катар,Katar,กาตาร์,Катар
RO,ROU,رومانيا,羅馬尼亞,Rumunsko,Rumænien,Rumänien,Ρουμανία,Romania,Rumania,Rumeenia,Roumanie,Románia,Romania,ルーマニア,Rumunija,Roemenië,Romania,Rumunia,Roménia,România,Румыния,Rumunsko,โรมาเนีย,Румунія
RU,RUS,روسيا,俄羅斯,Rusko,Rusland,Russland,Ρωσία,Russian Federation,Rusia,Venemaa,Russie,Oroszország,Russia,ロシア連邦,Rusija,Rusland,Russland,Rosja,Rússia,Rusia,Россия,Rusko,รัสเซีย,Росія
RW,RWA,رواندا,卢旺达,Rwanda,Rwanda,Ruanda,Ρουάντα,Rwanda,Ruanda,Rwanda,Rwanda,Ruanda,Ruanda,ルワンダ,Ruanda,Rwanda,Rwanda,Rwanda,Ruanda,Rwanda,Руанда,Rwanda,รวันดา,Руанда
KN,KNA,سانت كيتس ونيفيس,圣基茨和尼维斯,Svatý Kryštof a Nevis,Saint Kitts og Nevis,St. Kitts und Nevis,Άγιος Χριστόφορος και Νέβις,Saint Kitts and Nevis,San Cristóbal y Nieves,Saint Kitts ja Nevis,Saint-Christophe-et-Niévès,Saint Kitts és Nevis,Saint Kitts e Nevis,セントクリストファー・ネイビス,Sent Kitsas ir Nevis,Saint Kitts en Nevis,Saint Kitts og Nevis,Saint Kitts i Nevis,São Cristóvão e Névis,Sfântul Kitts și Nevis,Сент-Китс и Невис,Svätý Krištof a Nevis,เซนต์คิตส์และเนวิส,Сент-Кіттс і Невіс
LC,LCA,سانت لوسيا,圣卢西亚,Svatá Lucie,Saint Lucia,St. Lucia,Αγία Λουκία,Saint Lucia,Santa Lucía,Saint Lucia,Sainte-Lucie,Saint Lucia,Saint Lucia,セントルシア,Sent Lusija,Saint Lucia,Saint Lucia,Saint Lucia,Santa Lúcia,Sfânta Lucia,Сент-Люсия,Svätá Lucia,เซนต์ลูเชีย,Сент-Люсія
VC,VCT,سانت فينسنت والغرينادين,圣文森特和格林纳丁斯,Svatý Vincenc a Grenadiny,Saint Vincent og Grenadinerne,St. Vincent und die Grenadinen,Άγιος Βικέντιος και Γρεναδίνες,Saint Vincent and the Grenadines,San Vicente y las Granadinas,Saint Vincent ja Grenadiinid,Saint-Vincent-et-les-Grenadines,Saint Vincent és a Grenadine-szigetek,Saint Vincent e Grenadine,セントビンセントおよびグレナディーン諸島,Sent Vinsentas ir Grenadinai,Saint Vincent en de Grenadines,Saint Vincent og Grenadinene,Saint Vincent i Grenadyny,São Vicente e Granadinas,Sfântul Vincent și Grenadine,Сент-Винсент и Гренадины,Svätý Vincent a Grenadíny,เซนต์วินเซนต์และเกรนาดีนส์,Сент-Вінсент і Гренадини
WS,WSM,ساموا,萨摩亚,Samoa,Samoa,Samoa,Σαμόα,Samoa,Samoa,Samoa,Samoa,Szamoa,Samoa,サモア,Samoa,Samoa,Samoa,Samoa,Samoa,Samoa,Самоа,Samoa,ซามัว,Самоа
SM,SMR,سان مارينو,圣马力诺,San Marino,San Marino,San Marino,Άγιος Μαρίνος,San Marino,San Marino,San Marino,Saint-Marin,San Marino,San Marino,サンマリノ,San Marinas,San Marino,San Marino,San Marino,San Marino,San Marino,Сан-Марино,San Maríno,ซานมารีโน,Сан-Марино
ST,STP,ساو تومي وبرينسيب,聖多美和普林西比,Svatý Tomáš a Princův ostrov,São Tomé og Príncipe,São Tomé und Príncipe,Σάο Τομέ και Πρίνσιπε,Sao Tome and Principe,Santo Tomé y Príncipe,São Tomé ja Príncipe,Sao Tomé-et-Principe,São Tomé és Príncipe,São Tomé e Príncipe,サントメ・プリンシペ,San Tomė ir Prinsipė,Sao Tomé en Principe,São Tomé og Príncipe,Wyspy Świętego Tomasza i Książęca,São Tomé e Príncipe,Sao Tome și Principe,Сан-Томе и Принсипи,Svätý Tomáš a Princov ostrov,เซาตูเมและปรินซีปี,Сан-Томе і Принсіпі
SA,SAU,السعودية,沙烏地阿拉伯,Saúdská Arábie,Saudi-Arabien,Saudi-Arabien,Σαουδική Αραβία,Saudi Arabia,Arabia Saudita,Saudi Araabia,Arabie saoudite,Szaúd-Arábia,Arabia Saudita,サウジアラビア,Saudo Arabija,Saoedi-Arabië,Saudi-Arabia,Arabia Saudyjska,Arábia Saudita,Arabia Saudită,Саудовская Аравия,Saudská Arábia,ซาอุดีอาระเบีย,Саудівська Аравія
SN,SEN,السنغال,塞内加尔,Senegal,Senegal,Senegal,Σενεγάλη,Senegal,Senegal,Senegal,Sénégal,Szenegál,Senegal,セネガル,Senegalas,Senegal,Senegal,Senegal,Senegal,Senegal,Сенегал,Senegal,เซเนกัล,Сенегал
RS,SRB,صربيا,塞爾維亞,Srbsko,Serbien,Serbien,Σερβία,Serbia,Serbia,Serbia,Serbie,Szerbia,Serbia,セルビア,Serbija,Servië,Serbia,Serbia,Sérvia,Serbia,Сербия,Srbsko,เซอร์เบีย,Сербія
SC,SYC,سيشل,塞舌尔,Seychely,Seychellerne,Seychellen,Σεϋχέλλες,Seychelles,Seychelles,Seišellid,Seychelles,Seychelle-szigetek,Seychelles,セーシェル,Seišeliai,Seychellen,Seychellene,Seszele,Seicheles,Seychelles,Сейшельские Острова,Seychely,เซเชลส์,Сейшельські Острови
SL,SLE,سيراليون,塞拉利昂,Sierra Leone,Sierra Leone,Sierra Leone,Σιέρα Λεόνε,Sierra Leone,Sierra Leona,Sierra Leone,Sierra Leone,Sierra Leone,Sierra Leone,シエラレオネ,Siera Leonė,Sierra Leone,Sierra Leone,Sierra Leone,Serra Leoa,Sierra Leone,Сьерра-Леоне,Sierra Leone,เซียร์ราลีโอน,Сьєрра-Леоне
SG,SGP,سنغافورة,新加坡,Singapur,Singapore,Singapur,Σιγκαπούρη,Singapore,Singapur,Singapur,Singapour,Szingapúr,Singapore,シンガポール,Singapūras,Singapore,Singapore,Singapur,Singapura,Singapore,Сингапур,Singapur,สิงคโปร์,Сінгапур
SK,SVK,سلوفاكيا,斯洛伐克,Slovensko,Slovakiet,Slowakei,Σλοβακία,Slovakia,Eslovaquia,Slovakkia,Slovaquie,Szlovákia,Slovacchia,スロバキア,Slovakija,Slowakije,Slovakia,Słowacja,Eslováquia,Slovacia,Словакия,Slovensko,สโลวาเกีย,Словаччина
SI,SVN,سلوفينيا,斯洛維尼亞,Slovinsko,Slovenien,Slowenien,Σλοβενία,Slovenia,Eslovenia,Sloveenia,Slovénie,Szlovénia,Slovenia,スロベニア,Slovėnija,Slovenië,Slovenia,Słowenia,Eslovênia,Slovenia,Словения,Slovinsko,สโลวีเนีย,Словенія
SB,SLB,جزر سليمان,所罗门群岛,Šalomounovy ostrovy,Salomonøerne,Salomonen,Νήσοι Σολομώντα,Solomon Islands,Islas Salomón,Saalomoni Saared,Salomon,Salamon-szigetek,Isole Salomone,ソロモン諸島,Saliamono Salos,Salomonseilanden,Salomonøyene,Wyspy Salomona,Ilhas Salomão,Insulele Solomon,Соломоновы Острова,Šalamúnove ostrovy,หมู่เกาะโซโลมอน,Соломонові Острови
SO,SOM,الصومال,索馬利亞,Somálsko,Somalia,Somalia,Σομαλία,Somalia,Somalia,Somaalia,Somalie,Szomália,Somalia,ソマリア,Somalis,Somalië,Somalia,Somalia,Somália,Somalia,Сомали,Somálsko,โซมาเลีย,Сомалі
ZA,ZAF,جنوب أفريقيا,南非,Jihoafrická republika,Sydafrika,Südafrika,Νότια Αφρική,South Africa,Sudáfrica,Lõuna-Aafrika Vabariik,Afrique du Sud,Dél-afrikai Köztársaság,Sudafrica,南アフリカ,PAR,Zuid-Afrika,Sør-Afrika,Południowa Afryka,África do Sul,Africa de Sud,ЮАР,Južná Afrika,แอฟริกาใต้,ПАР
SS,SSD,جنوب السودان,南蘇丹,Jižní Súdán,Sydsudan,Südsudan,Νότιο Σουδάν,South Sudan,Sudán del Sur,Lõuna-Sudaan,Soudan du Sud,Dél-Szudán,Sudan del Sud,南スーダン,Pietų Sudanas,Zuid-Soedan,Sør-Sudan,Sudan Południowy,Sudão do Sul,Sudanul de Sud,Южный Судан,Južný Sudán,เซาท์ซูดาน,Південний Судан
ES,ESP,إسبانيا,西班牙,Španělsko,Spanien,Spanien,Ισπανία,Spain,España,Hispaania,Espagne,Spanyolország,Spagna,スペイン,Ispanija,Spanje,Spania,Hiszpania,Espanha,Spania,Испания,Španielsko,สเปน,Іспанія
LK,LKA,سريلانكا,斯里蘭卡,Srí Lanka,Sri Lanka,Sri Lanka,Σρι Λάνκα,Sri Lanka,Sri Lanka,Sri Lanka,Sri Lanka,Srí Lanka,Sri Lanka,スリランカ,Šri Lanka,Sri Lanka,Sri Lanka,Sri Lanka,Sri Lanka,Sri Lanka,Шри-Ланка,Srí Lanka,ศรีลังกา,Шрі-Ланка
SD,SDN,السودان,苏丹,Súdán,Sudan,Sudan,Σουδάν,Sudan,Sudán,Sudaan,Soudan,Szudán,Sudan,スーダン,Sudanas,Soedan,Sudan,Sudan,Sudão,Sudan,Судан,Sudán,ซูดาน,Судан
SR,SUR,سورينام,苏里南,Surinam,Surinam,Suriname,Σουρινάμ,Suriname,Surinam,Suriname,Suriname,Suriname,Suriname,スリナム,Surinamas,Suriname,Surinam,Surinam,Suriname,Surinam,Суринам,Surinam,ซูรินาม,Суринам
SZ,SWZ,سوازيلاند,斯威士兰,Svazijsko,Swaziland,Swasiland,Εσουατίνι,Eswatini,Suazilandia,Svaasimaa,Eswatini,Szváziföld,Swaziland,エスワティニ,Svazilendas,Swaziland,Eswatini,Eswatini,Essuatíni,Swaziland,Эсватини,Svazijsko,เอสวาตีนี,Есватіні
SE,SWE,السويد,瑞典,Švédsko,Sverige,Schweden,Σουηδία,Sweden,Suecia,Rootsi,Suède,Svédország,Svezia,スウェーデン,Švedija,Zweden,Sverige,Szwecja,Suécia,Suedia,Швеция,Švédsko,สวีเดน,Швеція
CH,CHE,سويسرا,瑞士,Švýcarsko,Schweiz,Schweiz,Ελβετία,Switzerland,Suiza,Šveits,Suisse,Svájc,Svizzera,スイス,Šveicarija,Zwitserland,Sveits,Szwajcaria,Suíça,Elveția,Швейцария,Švajčiarsko,สวิตเซอร์แลนด์,Швейцарія
SY,SYR,سوريا,叙利亚,Sýrie,Syrien,Syrien,Συρία,Syrian Arab Republic,Siria,Süüria,Syrie,Szíria,Siria,シリア・アラブ共和国,Sirija,Syrië,Syria,Syria,Síria,Siria,Сирия,Sýria,ซีเรีย,Сирія
TJ,TJK,طاجيكستان,塔吉克斯坦,Tádžikistán,Tadsjikistan,Tadschikistan,Τατζικιστάν,Tajikistan,Tayikistán,Tadžikistan,Tadjikistan,Tádzsikisztán,Tagikistan,タジキスタン,Tadžikija,Tadzjikistan,Tadsjikistan,Tadżykistan,Tajiquistão,Tadjikistan,Таджикистан,Tadžikistan,ทาจิกิสถาน,Таджикистан
TZ,TZA,تنزانيا,坦桑尼亚,Tanzanie,Tanzania,Tansania,Τανζανία,"Tanzania, United Republic of",Tanzania,Tansaania,Tanzanie,Tanzánia,Tanzania,タンザニア,Tanzanija,Tanzania,Tanzania,Tanzania,Tanzânia,Tanzania,Танзания,Tanzánia,แทนซาเนีย,Танзанія
TH,THA,تايلاند,泰國,Thajsko,Thailand,Thailand,Ταϊλάνδη,Thailand,Tailandia,Tai,Thaïlande,Thaiföld,Thailandia,タイ,Tailandas,Thailand,Thailand,Tajlandia,Tailândia,Thailanda,Таиланд,Thajsko,ไทย,Таїланд
TL,TLS,تيمور الشرقية,东帝汶,Východní Timor,Østtimor,Osttimor,Ανατολικό Τιμόρ,Timor-Leste,Timor Oriental,Ida-Timor,Timor oriental,Kelet-Timor,Timor Est,東ティモール,Rytų Timoras,Oost-Timor,Øst-Timor,Timor Wschodni,Timor-Leste,Timorul de Est,Восточный Тимор,Východný Timor,ติมอร์-เลสเต,Східний Тимор
TG,TGO,توغو,多哥,Togo,Togo,Togo,Τόγκο,Togo,Togo,Togo,Togo,Togo,Togo,トーゴ,Togas,Togo,Togo,Togo,Togo,Togo,Того,Togo,โตโก,Того
TO,TON,تونغا,汤加,Tonga,Tonga,Tonga,Τόγκα,Tonga,Tonga,Tonga,Tonga,Tonga,Tonga,トンガ,Tonga,Tonga,Tonga,Tonga,Tonga,Tonga,Тонга,Tonga,ตองงา,Тонга
TT,TTO,ترينيداد وتوباغو,千里達及托巴哥,Trinidad a Tobago,Trinidad og Tobago,Trinidad und Tobago,Τρινιντάντ και Τομπάγκο,Trinidad and Tobago,Trinidad y Tobago,Trinidad ja Tobago,Trinité-et-Tobago,Trinidad és Tobago,Trinidad e Tobago,トリニダード・トバゴ,Trinidadas ir Tobagas,Trinidad en Tobago,Trinidad og Tobago,Trynidad i Tobago,Trinidad e Tobago,Trinidad și Tobago,Тринидад и Тобаго,Trinidad a Tobago,ตรินิแดดและโตเบโก,Тринідад і Тобаго
TN,TUN,تونس,突尼西亞,Tunisko,Tunesien,Tunesien,Τυνησία,Tunisia,Túnez,Tuneesia,Tunisie,Tunézia,Tunisia,チュニジア,Tunisas,Tunesië,Tunisia,Tunezja,Tunísia,Tunisia,Тунис,Tunisko,ตูนิเซีย,Туніс
TR,TUR,تركيا,土耳其,Turecko,Tyrkiet,Türkei,Τουρκία,Turkey,Turquía,Türgi,Turquie,Törökország,Turchia,トルコ,Turkija,Turkije,Tyrkia,Turcja,Turquia,Turcia,Турция,Turecko,ตุรกี,Туреччина
TM,TKM,تركمانستان,土库曼斯坦,Turkmenistán,Turkmenistan,Turkmenistan,Τουρκμενιστάν,Turkmenistan,Turkmenistán,Türkmenistan,Turkménistan,Türkmenisztán,Turkmenistan,トルクメニスタン,Turkmėnija,Turkmenistan,Turkmenistan,Turkmenistan,Turquemenistão,Turkmenistan,Туркмения,Turkménsko,เติร์กเมนิสถาน,Туркменістан
TV,TUV,توفالو,图瓦卢,Tuvalu,Tuvalu,Tuvalu,Τουβαλού,Tuvalu,Tuvalu,Tuvalu,Tuvalu,Tuvalu,Tuvalu,ツバル,Tuvalu,Tuvalu,Tuvalu,Tuvalu,Tuvalu,Tuvalu,Тувалу,Tuvalu,ตูวาลู,Тувалу
UG,UGA,أوغندا,乌干达,Uganda,Uganda,Uganda,Ουγκάντα,Uganda,Uganda,Uganda,Ouganda,Uganda,Uganda,ウガンダ,Uganda,Oeganda,Uganda,Uganda,Uganda,Uganda,Уганда,Uganda,ยูกันดา,Уганда
UA,UKR,أوكرانيا,烏克蘭,Ukrajina,Ukraine,Ukraine,Ουκρανία,Ukraine,Ucrania,Ukraina,Ukraine,Ukrajna,Ucraina,ウクライナ,Ukraina,Oekraïne,Ukraina,Ukraina,Ucrânia,Ucraina,Украина,Ukrajina,ยูเครน,Україна
AE,ARE,الإمارات العربية المتحدة,阿联酋,Spojené arabské emiráty,Forenede Arabiske Emirater,Vereinigte Arabische Emirate,Ηνωμένα Αραβικά Εμιράτα,United Arab Emirates,Emiratos Árabes Unidos,Araabia Ühendemiraadid,Émirats arabes unis,Egyesült Arab Emírségek,Emirati Arabi Uniti,アラブ首長国連邦,Jungtiniai Arabų Emyratai,Verenigde Arabische Emiraten,De forente arabiske emirater,Zjednoczone Emiraty Arabskie,Emirados Árabes Unidos,Emiratele Arabe Unite,ОАЭ,Spojené arabské emiráty,สหรัฐอาหรับเอมิเรตส์,ОАЕ
GB,GBR,المملكة المتحدة,英國,Spojené království Velké Británie a Severního Irska,Storbritannien,Vereinigtes Königreich,Ηνωμένο Βασίλειο,United Kingdom of Great Britain and Northern Ireland,Reino Unido,Suurbritannia,Royaume-Uni,Egyesült Királyság,Regno Unito,イギリス,Jungtinė Karalystė,Verenigd Koninkrijk,Storbritannia,Wielka Brytania,Reino Unido,Regatul Unit,Великобритания,Spojené kráľovstvo,สหราชอาณาจักร,Велика Британія
US,USA,الولايات المتحدة,美國,Spojené státy americké,USA,Vereinigte Staaten,Ηνωμένες Πολιτείες Αμερικής,United States of America,Estados Unidos,Ameerika Ühendriigid,États-Unis,Amerikai Egyesült Államok,Stati Uniti,アメリカ合衆国,Jungtinės Valstijos,Verenigde Staten,USA,Stany Zjednoczone,Estados Unidos,Statele Unite ale Americii,США,Spojené štáty,สหรัฐ,США
UY,URY,الأوروغواي,乌拉圭,Uruguay,Uruguay,Uruguay,Ουρουγουάη,Uruguay,Uruguay,Uruguay,Uruguay,Uruguay,Uruguay,ウルグアイ,Urugvajus,Uruguay,Uruguay,Urugwaj,Uruguai,Uruguay,Уругвай,Uruguaj,อุรุกวัย,Уругвай
UZ,UZB,أوزبكستان,乌兹别克斯坦,Uzbekistán,Usbekistan,Usbekistan,Ουζμπεκιστάν,Uzbekistan,Uzbekistán,Usbekistan,Ouzbékistan,Üzbegisztán,Uzbekistan,ウズベキスタン,Uzbekistanas,Oezbekistan,Usbekistan,Uzbekistan,Uzbequistão,Uzbekistan,Узбекистан,Uzbekistan,อุซเบกิสถาน,Узбекистан
VU,VUT,فانواتو,瓦努阿圖,Vanuatu,Vanuatu,Vanuatu,Βανουάτου,Vanuatu,Vanuatu,Vanuatu,Vanuatu,Vanuatu,Vanuatu,バヌアツ,Vanuatu,Vanuatu,Vanuatu,Vanuatu,Vanuatu,Vanuatu,Вануату,Vanuatu,วานูอาตู,Вануату
VE,VEN,فنزويلا,委內瑞拉,Venezuela,Venezuela,Venezuela,Βενεζουέλα,Venezuela (Bolivarian Republic of),Venezuela,Venezuela,Venezuela,Venezuela,Venezuela,ベネズエラ・ボリバル共和国,Venesuela,Venezuela,Venezuela,Wenezuela,Venezuela,Venezuela,Венесуэла,Venezuela,เวเนซุเอลา,Венесуела
VN,VNM,فيتنام,越南,Vietnam,Vietnam,Vietnam,Βιετνάμ,Viet Nam,Vietnam,Vietnam,Viêt Nam,Vietnám,Vietnam,ベトナム,Vietnamas,Vietnam,Vietnam,Wietnam,Vietnã,Vietnam,Вьетнам,Vietnam,เวียดนาม,В'єтнам
YE,YEM,اليمن,葉門,Jemen,Yemen,Jemen,Υεμένη,Yemen,Yemen,Jeemen,Yémen,Jemen,Yemen,イエメン,Jemenas,Jemen,Jemen,Jemen,Iêmen,Yemen,Йемен,Jemen,เยเมน,Ємен
ZM,ZMB,زامبيا,尚比亞,Zambie,Zambia,Sambia,Ζάμπια,Zambia,Zambia,Sambia,Zambie,Zambia,Zambia,ザンビア,Zambija,Zambia,Zambia,Zambia,Zâmbia,Zambia,Замбия,Zambia,แซมเบีย,Замбія
ZW,ZWE,زيمبابوي,辛巴威,Zimbabwe,Zimbabwe,Simbabwe,Ζιμπάμπουε,Zimbabwe,Zimbabue,Zimbabwe,Zimbabwe,Zimbabwe,Zimbabwe,ジンバブエ,Zimbabvė,Zimbabwe,Zimbabwe,Zimbabwe,Zimbabwe,Zimbabwe,Зимбабве,Zimbabwe,ซิมบับเว,Зімбабве
