gender,name
male,james
male,john
male,robert
male,michael
male,william
male,david
male,richard
male,charles
male,joseph
male,thomas
male,christopher
male,daniel
male,paul
male,mark
male,donald
male,george
male,kenneth
male,steven
male,edward
male,brian
male,ronald
male,anthony
male,kevin
male,jason
male,matthew
male,gary
male,timothy
male,jose
male,larry
male,jeffrey
male,frank
male,scott
male,eric
male,stephen
male,andrew
male,raymond
male,gregory
male,joshua
male,jerry
male,dennis
male,walter
male,patrick
male,peter
male,harold
male,douglas
male,henry
male,carl
male,arthur
male,ryan
male,roger
male,joe
male,juan
male,jack
male,albert
male,jonathan
male,justin
male,terry
male,gerald
male,keith
male,samuel
male,willie
male,ralph
male,lawrence
male,nicholas
male,roy
male,benjamin
male,bruce
male,brandon
male,adam
male,harry
male,fred
male,wayne
male,billy
male,steve
male,louis
male,jeremy
male,aaron
male,randy
male,howard
male,eugene
male,carlos
male,russell
male,bobby
male,victor
male,martin
male,ernest
male,phillip
male,todd
male,jesse
male,craig
male,alan
male,shawn
male,clarence
male,sean
male,philip
male,chris
male,johnny
male,earl
male,jimmy
male,antonio
male,danny
male,bryan
male,tony
male,luis
male,mike
male,stanley
male,leonard
male,nathan
male,dale
male,manuel
male,rodney
male,curtis
male,norman
male,allen
male,marvin
male,vincent
male,glenn
male,jeffery
male,travis
male,jeff
male,chad
male,jacob
male,lee
male,melvin
male,alfred
male,kyle
male,francis
male,bradley
male,jesus
male,herbert
male,frederick
male,ray
male,joel
male,edwin
male,don
male,eddie
male,ricky
male,troy
male,randall
male,barry
male,alexander
male,bernard
male,mario
male,leroy
male,francisco
male,marcus
male,micheal
male,theodore
male,clifford
male,miguel
male,oscar
male,jay
male,jim
male,tom
male,calvin
male,alex
male,jon
male,ronnie
male,bill
male,lloyd
male,tommy
male,leon
male,derek
male,warren
male,darrell
male,jerome
male,floyd
male,leo
male,alvin
male,tim
male,wesley
male,gordon
male,dean
male,greg
male,jorge
male,dustin
male,pedro
male,derrick
male,dan
male,lewis
male,zachary
male,corey
male,herman
male,maurice
male,vernon
male,roberto
male,clyde
male,glen
male,hector
male,shane
male,ricardo
male,sam
male,rick
male,lester
male,brent
male,ramon
male,charlie
male,tyler
male,gilbert
male,gene
male,marc
male,reginald
male,ruben
male,brett
male,angel
male,nathaniel
male,rafael
male,leslie
male,edgar
male,milton
male,raul
male,ben
male,chester
male,cecil
male,duane
male,franklin
male,andre
male,elmer
male,brad
male,gabriel
male,ron
male,mitchell
male,roland
male,arnold
male,harvey
male,jared
male,adrian
male,karl
male,cory
male,claude
male,erik
male,darryl
male,jamie
male,neil
male,jessie
male,christian
male,javier
male,fernando
male,clinton
male,ted
male,mathew
male,tyrone
male,darren
male,lonnie
male,lance
male,cody
male,julio
male,kelly
male,kurt
male,allan
male,nelson
male,guy
male,clayton
male,hugh
male,max
male,dwayne
male,dwight
male,armando
male,felix
male,jimmie
male,everett
male,jordan
male,ian
male,wallace
male,ken
male,bob
male,jaime
male,casey
male,alfredo
male,alberto
male,dave
male,ivan
male,johnnie
male,sidney
male,byron
male,julian
male,isaac
male,morris
male,clifton
male,willard
male,daryl
male,ross
male,virgil
male,andy
male,marshall
male,salvador
male,perry
male,kirk
male,sergio
male,marion
male,tracy
male,seth
male,kent
male,terrance
male,rene
male,eduardo
male,terrence
male,enrique
male,freddie
male,wade
male,austin
male,stuart
male,fredrick
male,arturo
male,alejandro
male,jackie
male,joey
male,nick
male,luther
male,wendell
male,jeremiah
male,evan
male,julius
male,dana
male,donnie
male,otis
male,shannon
male,trevor
male,oliver
male,luke
male,homer
male,gerard
male,doug
male,kenny
male,hubert
male,angelo
male,shaun
male,lyle
male,matt
male,lynn
male,alfonso
male,orlando
male,rex
male,carlton
male,ernesto
male,cameron
male,neal
male,pablo
male,lorenzo
male,omar
male,wilbur
male,blake
male,grant
male,horace
male,roderick
male,kerry
male,abraham
male,willis
male,rickey
male,jean
male,ira
male,andres
male,cesar
male,johnathan
male,malcolm
male,rudolph
male,damon
male,kelvin
male,rudy
male,preston
male,alton
male,archie
male,marco
male,wm
male,pete
male,randolph
male,garry
male,geoffrey
male,jonathon
male,felipe
male,bennie
male,gerardo
male,ed
male,dominic
male,robin
male,loren
male,delbert
male,colin
male,guillermo
male,earnest
male,lucas
male,benny
male,noel
male,spencer
male,rodolfo
male,myron
male,edmund
male,garrett
male,salvatore
male,cedric
male,lowell
male,gregg
male,sherman
male,wilson
male,devin
male,sylvester
male,kim
male,roosevelt
male,israel
male,jermaine
male,forrest
male,wilbert
male,leland
male,simon
male,guadalupe
male,clark
male,irving
male,carroll
male,bryant
male,owen
male,rufus
male,woodrow
male,sammy
male,kristopher
male,mack
male,levi
male,marcos
male,gustavo
male,jake
male,lionel
male,marty
male,taylor
male,ellis
male,dallas
male,gilberto
male,clint
male,nicolas
male,laurence
male,ismael
male,orville
male,drew
male,jody
male,ervin
male,dewey
male,al
male,wilfred
male,josh
male,hugo
male,ignacio
male,caleb
male,tomas
male,sheldon
male,erick
male,frankie
male,stewart
male,doyle
male,darrel
male,rogelio
male,terence
male,santiago
male,alonzo
male,elias
male,bert
male,elbert
male,ramiro
male,conrad
male,pat
male,noah
male,grady
male,phil
male,cornelius
male,lamar
male,rolando
male,clay
male,percy
male,dexter
male,bradford
male,merle
male,darin
male,amos
male,terrell
male,moses
male,irvin
male,saul
male,roman
male,darnell
male,randal
male,tommie
male,timmy
male,darrin
male,winston
male,brendan
male,toby
male,van
male,abel
male,dominick
male,boyd
male,courtney
male,jan
male,emilio
male,elijah
male,cary
male,domingo
male,santos
male,aubrey
male,emmett
male,marlon
male,emanuel
male,jerald
male,edmond
male,emil
male,dewayne
male,will
male,otto
male,teddy
male,reynaldo
male,bret
male,morgan
male,jess
male,trent
male,humberto
male,emmanuel
male,stephan
male,louie
male,vicente
male,lamont
male,stacy
male,garland
male,miles
male,micah
male,efrain
male,billie
male,logan
male,heath
male,rodger
male,harley
male,demetrius
male,ethan
male,eldon
male,rocky
male,pierre
male,junior
male,freddy
male,eli
male,bryce
male,antoine
male,robbie
male,kendall
male,royce
male,sterling
male,mickey
male,chase
male,grover
male,elton
male,cleveland
male,dylan
male,chuck
male,damian
male,reuben
male,stan
male,august
male,leonardo
male,jasper
male,russel
male,erwin
male,benito
male,hans
male,monte
male,blaine
male,ernie
male,curt
male,quentin
male,agustin
male,murray
male,jamal
male,devon
male,adolfo
male,harrison
male,tyson
male,burton
male,brady
male,elliott
male,wilfredo
male,bart
male,jarrod
male,vance
male,denis
male,damien
male,joaquin
male,harlan
male,desmond
male,elliot
male,darwin
male,ashley
male,gregorio
male,buddy
male,xavier
male,kermit
male,roscoe
male,esteban
male,anton
male,solomon
male,scotty
male,norbert
male,elvin
male,williams
male,nolan
male,carey
male,rod
male,quinton
male,hal
male,brain
male,rob
male,elwood
male,kendrick
male,darius
male,moises
male,son
male,marlin
male,fidel
male,thaddeus
male,cliff
male,marcel
male,ali
male,jackson
male,raphael
male,bryon
male,armand
male,alvaro
male,jeffry
male,dane
male,joesph
male,thurman
male,ned
male,sammie
male,rusty
male,michel
male,monty
male,rory
male,fabian
male,reggie
male,mason
male,graham
male,kris
male,isaiah
male,vaughn
male,gus
male,avery
male,loyd
male,diego
male,alexis
male,adolph
male,norris
male,millard
male,rocco
male,gonzalo
male,derick
male,rodrigo
male,gerry
male,stacey
male,carmen
male,wiley
male,rigoberto
male,alphonso
male,ty
male,shelby
male,rickie
male,noe
male,vern
male,bobbie
male,reed
male,jefferson
male,elvis
male,bernardo
male,mauricio
male,hiram
male,donovan
male,basil
male,riley
male,ollie
male,nickolas
male,maynard
male,scot
male,vince
male,quincy
male,eddy
male,sebastian
male,federico
male,ulysses
male,heriberto
male,donnell
male,cole
male,denny
male,davis
male,gavin
male,emery
male,ward
male,romeo
male,jayson
male,dion
male,dante
male,clement
male,coy
male,odell
male,maxwell
male,jarvis
male,bruno
male,issac
male,mary
male,dudley
male,brock
male,sanford
male,colby
male,carmelo
male,barney
male,nestor
male,hollis
male,stefan
male,donny
male,art
male,linwood
male,beau
male,weldon
male,galen
male,isidro
male,truman
male,delmar
male,johnathon
male,silas
male,frederic
male,dick
male,kirby
male,irwin
male,cruz
male,merlin
male,merrill
male,charley
male,marcelino
male,lane
male,harris
male,cleo
male,carlo
male,trenton
male,kurtis
male,hunter
male,aurelio
male,winfred
male,vito
male,collin
male,denver
male,carter
male,leonel
male,emory
male,pasquale
male,mohammad
male,mariano
male,danial
male,blair
male,landon
male,dirk
male,branden
male,adan
male,numbers
male,clair
male,buford
male,german
male,bernie
male,wilmer
male,joan
male,emerson
male,zachery
male,fletcher
male,jacques
male,errol
male,dalton
male,monroe
male,josue
male,dominique
male,edwardo
male,booker
male,wilford
male,sonny
male,shelton
male,carson
male,theron
male,raymundo
male,daren
male,tristan
male,houston
male,robby
male,lincoln
male,jame
male,genaro
male,gale
male,bennett
male,octavio
male,cornell
male,laverne
male,hung
male,arron
male,antony
male,herschel
male,alva
male,giovanni
male,garth
male,cyrus
male,cyril
male,ronny
male,stevie
male,lon
male,freeman
male,erin
male,duncan
male,kennith
male,carmine
male,augustine
male,young
male,erich
male,chadwick
male,wilburn
male,russ
male,reid
male,myles
male,anderson
male,morton
male,jonas
male,forest
male,mitchel
male,mervin
male,zane
male,rich
male,jamel
male,lazaro
male,alphonse
male,randell
male,major
male,johnie
male,jarrett
male,brooks
male,ariel
male,abdul
male,dusty
male,luciano
male,lindsey
male,tracey
male,seymour
male,scottie
male,eugenio
male,mohammed
male,sandy
male,valentin
male,chance
male,arnulfo
male,lucien
male,ferdinand
male,thad
male,ezra
male,sydney
male,aldo
male,rubin
male,royal
male,mitch
male,earle
male,abe
male,wyatt
male,marquis
male,lanny
male,kareem
male,jamar
male,boris
male,isiah
male,emile
male,elmo
male,aron
male,leopoldo
male,everette
male,josef
male,gail
male,eloy
male,dorian
male,rodrick
male,reinaldo
male,lucio
male,jerrod
male,weston
male,hershel
male,barton
male,parker
male,lemuel
male,lavern
male,burt
male,jules
male,gil
male,eliseo
male,ahmad
male,nigel
male,efren
male,antwan
male,alden
male,margarito
male,coleman
male,refugio
male,dino
male,osvaldo
male,les
male,deandre
male,normand
male,kieth
male,ivory
male,andrea
male,trey
male,norberto
male,napoleon
male,jerold
male,fritz
male,rosendo
male,milford
male,sang
male,deon
male,christoper
male,alfonzo
male,lyman
male,josiah
male,brant
male,wilton
male,rico
male,jamaal
male,dewitt
male,carol
male,brenton
male,yong
male,olin
male,foster
male,faustino
male,claudio
male,judson
male,gino
male,edgardo
male,berry
male,alec
male,tanner
male,jarred
male,donn
male,trinidad
male,tad
male,shirley
male,prince
male,porfirio
male,odis
male,maria
male,lenard
male,chauncey
male,chang
male,tod
male,mel
male,marcelo
male,kory
male,augustus
male,keven
male,hilario
male,bud
male,sal
male,rosario
male,orval
male,mauro
male,dannie
male,zachariah
male,olen
male,anibal
male,milo
male,jed
male,frances
male,thanh
male,dillon
male,amado
male,newton
male,connie
male,lenny
male,tory
male,richie
male,lupe
male,horacio
male,brice
male,mohamed
male,delmer
male,dario
male,reyes
male,dee
male,mac
male,jonah
male,jerrold
male,robt
male,hank
male,sung
male,rupert
male,rolland
male,kenton
male,damion
male,chi
male,antone
male,waldo
male,fredric
male,bradly
male,quinn
male,kip
male,burl
male,walker
male,tyree
male,jefferey
male,ahmed
male,willy
male,stanford
male,oren
male,noble
male,moshe
male,mikel
male,enoch
male,brendon
male,quintin
male,jamison
male,florencio
male,darrick
male,tobias
male,minh
male,hassan
male,giuseppe
male,demarcus
male,cletus
male,tyrell
male,lyndon
male,keenan
male,werner
male,theo
male,geraldo
male,lou
male,columbus
male,chet
male,bertram
male,markus
male,huey
male,hilton
male,dwain
male,donte
male,tyron
male,omer
male,isaias
male,hipolito
male,fermin
male,chung
male,adalberto
male,valentine
male,jamey
male,bo
male,barrett
male,whitney
male,teodoro
male,mckinley
male,maximo
male,garfield
male,sol
male,raleigh
male,lawerence
male,abram
male,rashad
male,king
male,emmitt
male,daron
male,chong
male,samual
male,paris
male,otha
male,miquel
male,lacy
male,eusebio
male,dong
male,domenic
male,darron
male,buster
male,antonia
male,wilber
male,renato
male,jc
male,hoyt
male,haywood
male,ezekiel
male,chas
male,florentino
male,elroy
male,clemente
male,arden
male,neville
male,kelley
male,edison
male,deshawn
male,carrol
male,shayne
male,nathanial
male,jordon
male,danilo
male,claud
male,val
male,sherwood
male,raymon
male,rayford
male,cristobal
male,ambrose
male,titus
male,hyman
male,felton
male,ezequiel
male,erasmo
male,stanton
male,lonny
male,len
male,ike
male,milan
male,lino
male,jarod
male,herb
male,andreas
male,walton
male,rhett
male,palmer
male,jude
male,douglass
male,cordell
male,oswaldo
male,ellsworth
male,virgilio
male,toney
male,nathanael
male,del
male,britt
male,benedict
male,mose
male,hong
male,leigh
male,johnson
male,isreal
male,gayle
male,garret
male,fausto
male,asa
male,arlen
male,zack
male,warner
male,modesto
male,francesco
male,manual
male,jae
male,gaylord
male,gaston
male,filiberto
male,deangelo
male,michale
male,granville
male,wes
male,malik
male,zackary
male,tuan
male,nicky
male,eldridge
male,cristopher
male,cortez
male,antione
male,malcom
male,long
male,korey
male,jospeh
male,colton
male,waylon
male,von
male,hosea
male,shad
male,santo
male,rudolf
male,rolf
male,rey
male,renaldo
male,marcellus
male,lucius
male,lesley
male,kristofer
male,boyce
male,benton
male,man
male,kasey
male,jewell
male,hayden
male,harland
male,arnoldo
male,rueben
male,leandro
male,kraig
male,jerrell
male,jeromy
male,hobert
male,cedrick
male,arlie
male,winford
male,wally
male,patricia
male,luigi
male,keneth
male,jacinto
male,graig
male,franklyn
male,edmundo
male,sid
male,porter
male,leif
male,lauren
male,jeramy
male,elisha
male,buck
male,willian
male,vincenzo
male,shon
male,michal
male,lynwood
male,lindsay
male,jewel
male,jere
male,hai
male,elden
male,dorsey
male,darell
male,broderick
male,alonso
female,mary
female,patricia
female,linda
female,barbara
female,elizabeth
female,jennifer
female,maria
female,susan
female,margaret
female,dorothy
female,lisa
female,nancy
female,karen
female,betty
female,helen
female,sandra
female,donna
female,carol
female,ruth
female,sharon
female,michelle
female,laura
female,sarah
female,kimberly
female,deborah
female,jessica
female,shirley
female,cynthia
female,angela
female,melissa
female,brenda
female,amy
female,anna
female,rebecca
female,virginia
female,kathleen
female,pamela
female,martha
female,debra
female,amanda
female,stephanie
female,carolyn
female,christine
female,marie
female,janet
female,catherine
female,frances
female,ann
female,joyce
female,diane
female,alice
female,julie
female,heather
female,teresa
female,doris
female,gloria
female,evelyn
female,jean
female,cheryl
female,mildred
female,katherine
female,joan
female,ashley
female,judith
female,rose
female,janice
female,kelly
female,nicole
female,judy
female,christina
female,kathy
female,theresa
female,beverly
female,denise
female,tammy
female,irene
female,jane
female,lori
female,rachel
female,marilyn
female,andrea
female,kathryn
female,louise
female,sara
female,anne
female,jacqueline
female,wanda
female,bonnie
female,julia
female,ruby
female,lois
female,tina
female,phyllis
female,norma
female,paula
female,diana
female,annie
female,lillian
female,emily
female,robin
female,peggy
female,crystal
female,gladys
female,rita
female,dawn
female,connie
female,florence
female,tracy
female,edna
female,tiffany
female,carmen
female,rosa
female,cindy
female,grace
female,wendy
female,victoria
female,edith
female,kim
female,sherry
female,sylvia
female,josephine
female,thelma
female,shannon
female,sheila
female,ethel
female,ellen
female,elaine
female,marjorie
female,carrie
female,charlotte
female,monica
female,esther
female,pauline
female,emma
female,juanita
female,anita
female,rhonda
female,hazel
female,amber
female,eva
female,debbie
female,april
female,leslie
female,clara
female,lucille
female,jamie
female,joanne
female,eleanor
female,valerie
female,danielle
female,megan
female,alicia
female,suzanne
female,michele
female,gail
female,bertha
female,darlene
female,veronica
female,jill
female,erin
female,geraldine
female,lauren
female,cathy
female,joann
female,lorraine
female,lynn
female,sally
female,regina
female,erica
female,beatrice
female,dolores
female,bernice
female,audrey
female,yvonne
female,annette
female,june
female,samantha
female,marion
female,dana
female,stacy
female,ana
female,renee
female,ida
female,vivian
female,roberta
female,holly
female,brittany
female,melanie
female,loretta
female,yolanda
female,jeanette
female,laurie
female,katie
female,kristen
female,vanessa
female,alma
female,sue
female,elsie
female,beth
female,jeanne
female,vicki
female,carla
female,tara
female,rosemary
female,eileen
female,terri
female,gertrude
female,lucy
female,tonya
female,ella
female,stacey
female,wilma
female,gina
female,kristin
female,jessie
female,natalie
female,agnes
female,vera
female,willie
female,charlene
female,bessie
female,delores
female,melinda
female,pearl
female,arlene
female,maureen
female,colleen
female,allison
female,tamara
female,joy
female,georgia
female,constance
female,lillie
female,claudia
female,jackie
female,marcia
female,tanya
female,nellie
female,minnie
female,marlene
female,heidi
female,glenda
female,lydia
female,viola
female,courtney
female,marian
female,stella
female,caroline
female,dora
female,jo
female,vickie
female,mattie
female,terry
female,maxine
female,irma
female,mabel
female,marsha
female,myrtle
female,lena
female,christy
female,deanna
female,patsy
female,hilda
female,gwendolyn
female,jennie
female,nora
female,margie
female,nina
female,cassandra
female,leah
female,penny
female,kay
female,priscilla
female,naomi
female,carole
female,brandy
female,olga
female,billie
female,dianne
female,tracey
female,leona
female,jenny
female,felicia
female,sonia
female,miriam
female,velma
female,becky
female,bobbie
female,violet
female,kristina
female,toni
female,misty
female,mae
female,shelly
female,daisy
female,ramona
female,sherri
female,erika
female,katrina
female,claire
female,lindsey
female,lindsay
female,geneva
female,guadalupe
female,belinda
female,margarita
female,sheryl
female,cora
female,faye
female,ada
female,natasha
female,sabrina
female,isabel
female,marguerite
female,hattie
female,harriet
female,molly
female,cecilia
female,kristi
female,brandi
female,blanche
female,sandy
female,rosie
female,joanna
female,iris
female,eunice
female,angie
female,inez
female,lynda
female,madeline
female,amelia
female,alberta
female,genevieve
female,monique
female,jodi
female,janie
female,maggie
female,kayla
female,sonya
female,jan
female,lee
female,kristine
female,candace
female,fannie
female,maryann
female,opal
female,alison
female,yvette
female,melody
female,luz
female,susie
female,olivia
female,flora
female,shelley
female,kristy
female,mamie
female,lula
female,lola
female,verna
female,beulah
female,antoinette
female,candice
female,juana
female,jeannette
female,pam
female,kelli
female,hannah
female,whitney
female,bridget
female,karla
female,celia
female,latoya
female,patty
female,shelia
female,gayle
female,della
female,vicky
female,lynne
female,sheri
female,marianne
female,kara
female,jacquelyn
female,erma
female,blanca
female,myra
female,leticia
female,pat
female,krista
female,roxanne
female,angelica
female,johnnie
female,robyn
female,francis
female,adrienne
female,rosalie
female,alexandra
female,brooke
female,bethany
female,sadie
female,bernadette
female,traci
female,jody
female,kendra
female,jasmine
female,nichole
female,rachael
female,chelsea
female,mable
female,ernestine
female,muriel
female,marcella
female,elena
female,krystal
female,angelina
female,nadine
female,kari
female,estelle
female,dianna
female,paulette
female,lora
female,mona
female,doreen
female,rosemarie
female,angel
female,desiree
female,antonia
female,hope
female,ginger
female,janis
female,betsy
female,christie
female,freda
female,mercedes
female,meredith
female,lynette
female,teri
female,cristina
female,eula
female,leigh
female,meghan
female,sophia
female,eloise
female,rochelle
female,gretchen
female,cecelia
female,raquel
female,henrietta
female,alyssa
female,jana
female,kelley
female,gwen
female,kerry
female,jenna
female,tricia
female,laverne
female,olive
female,alexis
female,tasha
female,silvia
female,elvira
female,casey
female,delia
female,sophie
female,kate
female,patti
female,lorena
female,kellie
female,sonja
female,lila
female,lana
female,darla
female,may
female,mindy
female,essie
female,mandy
female,lorene
female,elsa
female,josefina
female,jeannie
female,miranda
female,dixie
female,lucia
female,marta
female,faith
female,lela
female,johanna
female,shari
female,camille
female,tami
female,shawna
female,elisa
female,ebony
female,melba
female,ora
female,nettie
female,tabitha
female,ollie
female,jaime
female,winifred
female,kristie
female,marina
female,alisha
female,aimee
female,rena
female,myrna
female,marla
female,tammie
female,latasha
female,bonita
female,patrice
female,ronda
female,sherrie
female,addie
female,francine
female,deloris
female,stacie
female,adriana
female,cheri
female,shelby
female,abigail
female,celeste
female,jewel
female,cara
female,adele
female,rebekah
female,lucinda
female,dorthy
female,chris
female,effie
female,trina
female,reba
female,shawn
female,sallie
female,aurora
female,lenora
female,etta
female,lottie
female,kerri
female,trisha
female,nikki
female,estella
female,francisca
female,josie
female,tracie
female,marissa
female,karin
female,brittney
female,janelle
female,lourdes
female,laurel
female,helene
female,fern
female,elva
female,corinne
female,kelsey
female,ina
female,bettie
female,elisabeth
female,aida
female,caitlin
female,ingrid
female,iva
female,eugenia
female,christa
female,goldie
female,cassie
female,maude
female,jenifer
female,therese
female,frankie
female,dena
female,lorna
female,janette
female,latonya
female,candy
female,morgan
female,consuelo
female,tamika
female,rosetta
female,debora
female,cherie
female,polly
female,dina
female,jewell
female,fay
female,jillian
female,dorothea
female,nell
female,trudy
female,esperanza
female,patrica
female,kimberley
female,shanna
female,helena
female,carolina
female,cleo
female,stefanie
female,rosario
female,ola
female,janine
female,mollie
female,lupe
female,alisa
female,lou
female,maribel
female,susanne
female,bette
female,susana
female,elise
female,cecile
female,isabelle
female,lesley
female,jocelyn
female,paige
female,joni
female,rachelle
female,leola
female,daphne
female,alta
female,ester
female,petra
female,graciela
female,imogene
female,jolene
female,keisha
female,lacey
female,glenna
female,gabriela
female,keri
female,ursula
female,lizzie
female,kirsten
female,shana
female,adeline
female,mayra
female,jayne
female,jaclyn
female,gracie
female,sondra
female,carmela
female,marisa
female,rosalind
female,charity
female,tonia
female,beatriz
female,marisol
female,clarice
female,jeanine
female,sheena
female,angeline
female,frieda
female,lily
female,robbie
female,shauna
female,millie
female,claudette
female,cathleen
female,angelia
female,gabrielle
female,autumn
female,katharine
female,summer
female,jodie
female,staci
female,lea
female,christi
female,jimmie
female,justine
female,elma
female,luella
female,margret
female,dominique
female,socorro
female,rene
female,martina
female,margo
female,mavis
female,callie
female,bobbi
female,maritza
female,lucile
female,leanne
female,jeannine
female,deana
female,aileen
female,lorie
female,ladonna
female,willa
female,manuela
female,gale
female,selma
female,dolly
female,sybil
female,abby
female,lara
female,dale
female,ivy
female,dee
female,winnie
female,marcy
female,luisa
female,jeri
female,magdalena
female,ofelia
female,meagan
female,audra
female,matilda
female,leila
female,cornelia
female,bianca
female,simone
female,bettye
female,randi
female,virgie
female,latisha
female,barbra
female,georgina
female,eliza
female,leann
female,bridgette
female,rhoda
female,haley
female,adela
female,nola
female,bernadine
female,flossie
female,ila
female,greta
female,ruthie
female,nelda
female,minerva
female,lilly
female,terrie
female,letha
female,hilary
female,estela
female,valarie
female,brianna
female,rosalyn
female,earline
female,catalina
female,ava
female,mia
female,clarissa
female,lidia
female,corrine
female,alexandria
female,concepcion
female,tia
female,sharron
female,rae
female,dona
female,ericka
female,jami
female,elnora
female,chandra
female,lenore
female,neva
female,marylou
female,melisa
female,tabatha
female,serena
female,avis
female,allie
female,sofia
female,jeanie
female,odessa
female,nannie
female,harriett
female,loraine
female,penelope
female,milagros
female,emilia
female,benita
female,allyson
female,ashlee
female,tania
female,tommie
female,esmeralda
female,karina
female,eve
female,pearlie
female,zelma
female,malinda
female,noreen
female,tameka
female,saundra
female,hillary
female,amie
female,althea
female,rosalinda
female,jordan
female,lilia
female,alana
female,gay
female,clare
female,alejandra
female,elinor
female,michael
female,lorrie
female,jerri
female,darcy
female,earnestine
female,carmella
female,taylor
female,noemi
female,marcie
female,liza
female,annabelle
female,louisa
female,earlene
female,mallory
female,carlene
female,nita
female,selena
female,tanisha
female,katy
female,julianne
female,john
female,lakisha
female,edwina
female,maricela
female,margery
female,kenya
female,dollie
female,roxie
female,roslyn
female,kathrine
female,nanette
female,charmaine
female,lavonne
female,ilene
female,kris
female,tammi
female,suzette
female,corine
female,kaye
female,jerry
female,merle
female,chrystal
female,lina
female,deanne
female,lilian
female,juliana
female,aline
female,luann
female,kasey
female,maryanne
female,evangeline
female,colette
female,melva
female,lawanda
female,yesenia
female,nadia
female,madge
female,kathie
female,eddie
female,ophelia
female,valeria
female,nona
female,mitzi
female,mari
female,georgette
female,claudine
female,fran
female,alissa
female,roseann
female,lakeisha
female,susanna
female,reva
female,deidre
female,chasity
female,sheree
female,carly
female,james
female,elvia
female,alyce
female,deirdre
female,gena
female,briana
female,araceli
female,katelyn
female,rosanne
female,wendi
female,tessa
female,berta
female,marva
female,imelda
female,marietta
female,marci
female,leonor
female,arline
female,sasha
female,madelyn
female,janna
female,juliette
female,deena
female,aurelia
female,josefa
female,augusta
female,liliana
female,young
female,christian
female,lessie
female,amalia
female,savannah
female,anastasia
female,vilma
female,natalia
female,rosella
female,lynnette
female,corina
female,alfreda
female,leanna
female,carey
female,amparo
female,coleen
female,tamra
female,aisha
female,wilda
female,karyn
female,cherry
female,queen
female,maura
female,mai
female,evangelina
female,rosanna
female,hallie
female,erna
female,enid
female,mariana
female,lacy
female,juliet
female,jacklyn
female,freida
female,madeleine
female,mara
female,hester
female,cathryn
female,lelia
female,casandra
female,bridgett
female,angelita
female,jannie
female,dionne
female,annmarie
female,katina
female,beryl
female,phoebe
female,millicent
female,katheryn
female,diann
female,carissa
female,maryellen
female,liz
female,lauri
female,helga
female,gilda
female,adrian
female,rhea
female,marquita
female,hollie
female,tisha
female,tamera
female,angelique
female,francesca
female,britney
female,kaitlin
female,lolita
female,florine
female,rowena
female,reyna
female,twila
female,fanny
female,janell
female,ines
female,concetta
female,bertie
female,alba
female,brigitte
female,alyson
female,vonda
female,pansy
female,elba
female,noelle
female,letitia
female,kitty
female,deann
female,brandie
female,louella
female,leta
female,felecia
female,sharlene
female,lesa
female,beverley
female,robert
female,isabella
female,herminia
female,terra
female,celina
female,tori
female,octavia
female,jade
female,denice
female,germaine
female,sierra
female,michell
female,cortney
female,nelly
female,doretha
female,sydney
female,deidra
female,monika
female,lashonda
female,judi
female,chelsey
female,antionette
female,margot
female,bobby
female,adelaide
female,nan
female,leeann
female,elisha
female,dessie
female,libby
female,kathi
female,gayla
female,latanya
female,mina
female,mellisa
female,kimberlee
female,jasmin
female,renae
female,zelda
female,elda
female,ma
female,justina
female,gussie
female,emilie
female,camilla
female,abbie
female,rocio
female,kaitlyn
female,jesse
female,edythe
female,ashleigh
female,selina
female,lakesha
female,geri
female,allene
female,pamala
female,michaela
female,dayna
female,caryn
female,rosalia
female,sun
female,jacquline
female,rebeca
female,marybeth
female,krystle
female,iola
female,dottie
female,bennie
female,belle
female,aubrey
female,griselda
female,ernestina
female,elida
female,adrianne
female,demetria
female,delma
female,chong
female,jaqueline
female,destiny
female,arleen
female,virgina
female,retha
female,fatima
female,tillie
female,eleanore
female,cari
female,treva
female,birdie
female,wilhelmina
female,rosalee
female,maurine
female,latrice
female,yong
female,jena
female,taryn
female,elia
female,debby
female,maudie
female,jeanna
female,delilah
female,catrina
female,shonda
female,hortencia
female,theodora
female,teresita
female,robbin
female,danette
female,maryjane
female,freddie
female,delphine
female,brianne
female,nilda
female,danna
female,cindi
female,bess
female,iona
female,hanna
female,ariel
female,winona
female,vida
female,rosita
female,marianna
female,william
female,racheal
female,guillermin
female,eloisa
female,celestine
female,caren
female,malissa
female,lona
female,chantel
female,shellie
female,marisela
female,leora
female,agatha
female,soledad
female,migdalia
female,ivette
female,christen
female,athena
female,janel
female,chloe
female,veda
female,pattie
female,tessie
female,tera
female,marilynn
female,lucretia
female,karrie
female,dinah
female,daniela
female,alecia
female,adelina
female,vernice
female,shiela
female,portia
female,merry
female,lashawn
female,devon
female,dara
female,tawana
female,oma
female,verda
female,christin
female,alene
female,zella
female,sandi
female,rafaela
female,maya
female,kira
female,candida
female,alvina
female,suzan
female,shayla
female,lyn
female,lettie
female,alva
female,samatha
female,oralia
female,matilde
female,madonna
female,larissa
female,vesta
female,renita
female,india
female,delois
female,shanda
female,phillis
female,lorri
female,erlinda
female,cruz
female,cathrine
female,barb
female,zoe
female,isabell
female,ione
female,gisela
female,charlie
female,valencia
female,roxanna
female,mayme
female,kisha
female,ellie
female,mellissa
female,dorris
female,dalia
female,bella
female,annetta
female,zoila
female,reta
female,reina
female,lauretta
female,kylie
female,christal
female,pilar
female,charla
female,elissa
female,tiffani
female,tana
female,paulina
female,leota
female,breanna
female,jayme
female,carmel
female,vernell
female,tomasa
female,mandi
female,dominga
female,santa
female,melodie
female,lura
female,alexa
female,tamela
female,ryan
female,mirna
female,kerrie
female,venus
female,noel
female,felicita
female,cristy
female,carmelita
female,berniece
female,annemarie
female,tiara
female,roseanne
female,missy
female,cori
female,roxana
female,pricilla
female,kristal
female,jung
female,elyse
female,haydee
female,aletha
female,bettina
female,marge
female,gillian
female,filomena
female,charles
female,zenaida
female,harriette
female,caridad
female,vada
female,una
female,aretha
female,pearline
female,marjory
female,marcela
female,flor
female,evette
female,elouise
female,alina
female,trinidad
female,david
female,damaris
female,catharine
female,carroll
female,belva
female,nakia
female,marlena
female,luanne
female,lorine
female,karon
female,dorene
female,danita
female,brenna
female,tatiana
female,sammie
female,louann
female,loren
female,julianna
female,andria
female,philomena
female,lucila
female,leonora
female,dovie
female,romona
female,mimi
female,jacquelin
female,gaye
female,tonja
female,misti
female,joe
female,gene
female,chastity
female,stacia
female,roxann
female,micaela
female,nikita
female,mei
female,velda
female,marlys
female,johnna
female,aura
female,lavern
female,ivonne
female,hayley
female,nicki
female,majorie
female,herlinda
female,george
female,alpha
female,yadira
female,perla
female,gregoria
female,daniel
female,antonette
female,shelli
female,mozelle
female,mariah
female,joelle
female,cordelia
female,josette
female,chiquita
female,trista
female,louis
female,laquita
female,georgiana
female,candi
female,shanon
female,lonnie
female,hildegard
female,cecil
female,valentina
female,stephany
female,magda
female,karol
female,gerry
female,gabriella
female,tiana
female,roma
female,richelle
female,ray
female,princess
female,oleta
female,jacque
female,idella
female,alaina
female,suzanna
female,jovita
female,blair
female,tosha
female,raven
female,nereida
female,marlyn
female,kyla
female,joseph
female,delfina
female,tena
female,stephenie
female,sabina
female,nathalie
female,marcelle
female,gertie
female,darleen
female,thea
female,sharonda
female,shantel
female,belen
female,venessa
female,rosalina
female,ona
female,genoveva
female,corey
female,clementine
female,rosalba
female,renate
female,renata
female,mi
female,ivory
female,georgianna
female,floy
female,dorcas
female,ariana
female,tyra
female,theda
female,mariam
female,juli
female,jesica
female,donnie
female,vikki
female,verla
female,roselyn
female,melvina
female,jannette
female,ginny
female,debrah
female,corrie
female,asia
female,violeta
female,myrtis
female,latricia
female,collette
female,charleen
female,anissa
female,viviana
female,twyla
female,precious
female,nedra
female,latonia
female,lan
female,hellen
female,fabiola
female,annamarie
female,adell
female,sharyn
female,chantal
female,niki
female,maud
female,lizette
female,lindy
female,kia
female,kesha
female,jeana
female,danelle
female,charline
female,chanel
female,carrol
female,valorie
female,lia
female,dortha
female,cristal
female,sunny
female,leone
female,leilani
female,gerri
female,debi
female,andra
female,keshia
female,ima
female,eulalia
female,easter
female,dulce
female,natividad
female,linnie
female,kami
female,georgie
female,catina
female,brook
female,alda
female,winnifred
female,sharla
female,ruthann
female,meaghan
female,magdalene
female,lissette
female,adelaida
female,venita
female,trena
female,shirlene
female,shameka
female,elizebeth
female,dian
female,shanta
female,mickey
female,latosha
female,carlotta
female,windy
female,soon
female,rosina
female,mariann
female,leisa
female,jonnie
female,dawna
female,cathie
female,billy
female,astrid
female,sidney
female,laureen
female,janeen
female,holli
female,fawn
female,vickey
female,teressa
female,shante
female,rubye
female,marcelina
female,chanda
female,cary
female,terese
female,scarlett
female,marty
female,marnie
female,lulu
female,lisette
female,jeniffer
female,elenor
female,dorinda
female,donita
female,carman
female,bernita
female,altagracia
female,aleta
female,adrianna
female,zoraida
female,ronnie
female,nicola
female,lyndsey
female,kendall
female,janina
female,chrissy
female,ami
female,starla
female,phylis
female,phuong
female,kyra
female,charisse
female,blanch
female,sanjuanita
female,rona
female,nanci
female,marilee
female,maranda
female,cory
female,brigette
female,sanjuana
female,marita
female,kassandra
female,joycelyn
female,ira
female,felipa
female,chelsie
female,bonny
female,mireya
female,lorenza
female,kyong
female,ileana
female,candelaria
female,tony
female,toby
female,sherie
female,ok
female,mark
female,lucie
female,leatrice
female,lakeshia
female,gerda
female,edie
female,bambi
female,marylin
female,lavon
female,hortense
female,garnet
female,evie
female,tressa
female,shayna
female,lavina
female,kyung
female,jeanetta
female,sherrill
female,shara
female,phyliss
female,mittie
female,anabel
female,alesia
female,thuy
female,tawanda
female,richard
female,joanie
female,tiffanie
female,lashanda
female,karissa
female,enriqueta
female,daria
female,daniella
female,corinna
female,alanna
female,abbey
female,roxane
female,roseanna
female,magnolia
female,lida
female,kyle
female,joellen
female,era
female,coral
female,carleen
female,tresa
female,peggie
female,novella
female,nila
female,maybelle
female,jenelle
female,carina
female,nova
female,melina
female,marquerite
female,margarette
female,josephina
female,evonne
female,devin
female,cinthia
female,albina
female,toya
female,tawnya
female,sherita
female,santos
female,myriam
female,lizabeth
female,lise
female,keely
female,jenni
female,giselle
female,cheryle
female,ardith
female,ardis
female,alesha
female,adriane
female,shaina
female,linnea
female,karolyn
female,hong
female,florida
female,felisha
female,dori
female,darci
female,artie
female,armida
female,zola
female,xiomara
female,vergie
female,shamika
female,nena
female,nannette
female,maxie
female,lovie
female,jeane
female,jaimie
female,inge
female,farrah
female,elaina
female,caitlyn
female,starr
female,felicitas
female,cherly
female,caryl
female,yolonda
female,yasmin
female,teena
female,prudence
female,pennie
female,nydia
female,mackenzie
female,orpha
female,marvel
female,lizbeth
female,laurette
female,jerrie
female,hermelinda
female,carolee
female,tierra
female,mirian
female,meta
female,melony
female,kori
female,jennette
female,jamila
female,ena
female,anh
female,yoshiko
female,susannah
female,salina
female,rhiannon
female,joleen
female,cristine
female,ashton
female,aracely
female,tomeka
female,shalonda
female,marti
female,lacie
female,kala
female,jada
female,ilse
female,hailey
female,brittani
female,zona
female,syble
female,sherryl
female,randy
female,nidia
female,marlo
female,kandice
female,kandi
female,deb
female,dean
female,america
female,alycia
female,tommy
female,ronna
female,norene
female,mercy
female,jose
female,ingeborg
female,giovanna
female,gemma
female,christel
female,audry
female,zora
female,vita
female,van
female,trish
female,stephaine
female,shirlee
female,shanika
female,melonie
female,mazie
female,jazmin
female,inga
female,hoa
female,hettie
female,geralyn
female,fonda
female,estrella
female,adella
female,su
female,sarita
female,rina
female,milissa
female,maribeth
female,golda
female,evon
female,ethelyn
female,enedina
female,cherise
female,chana
female,velva
female,tawanna
female,sade
female,mirta
female,li
female,karie
female,jacinta
female,elna
female,davina
female,cierra
female,ashlie
female,albertha
female,tanesha
female,stephani
female,nelle
female,mindi
female,lu
female,lorinda
female,larue
female,florene
female,demetra
female,dedra
female,ciara
female,chantelle
female,ashly
female,suzy
female,rosalva
female,noelia
female,lyda
female,leatha
female,krystyna
female,kristan
female,karri
female,darline
female,darcie
female,cinda
female,cheyenne
female,cherrie
female,awilda
female,almeda
female,rolanda
female,lanette
female,jerilyn
female,gisele
female,evalyn
female,cyndi
female,cleta
female,carin
female,zina
female,zena
female,velia
female,tanika
female,paul
female,charissa
female,thomas
female,talia
female,margarete
female,lavonda
female,kaylee
female,kathlene
female,jonna
female,irena
female,ilona
female,idalia
female,candis
female,candance
female,brandee
female,anitra
female,alida
female,sigrid
female,nicolette
female,maryjo
female,linette
female,hedwig
female,christiana
female,cassidy
female,alexia
female,tressie
female,modesta
female,lupita
female,lita
female,gladis
female,evelia
female,davida
female,cherri
female,cecily
female,ashely
female,annabel
female,agustina
female,wanita
female,shirly
female,rosaura
female,hulda
female,eun
female,bailey
female,yetta
female,verona
female,thomasina
female,sibyl
female,shannan
female,mechelle
female,lue
female,leandra
female,lani
female,kylee
female,kandy
female,jolynn
female,ferne
female,eboni
female,corene
female,alysia
female,zula
female,nada
female,moira
female,lyndsay
female,lorretta
female,juan
female,jammie
female,hortensia
female,gaynell
female,cameron
female,adria
female,vina
female,vicenta
female,tangela
female,stephine
female,norine
female,nella
female,liana
female,leslee
female,kimberely
female,iliana
female,glory
female,felica
female,emogene
female,elfriede
female,eden
female,eartha
female,carma
female,bea
female,ocie
female,marry
female,lennie
female,kiara
female,jacalyn
female,carlota
female,arielle
female,yu
female,star
female,otilia
female,kirstin
female,kacey
female,johnetta
female,joey
female,joetta
female,jeraldine
female,jaunita
female,elana
female,dorthea
female,cami
female,amada
female,adelia
female,vernita
female,tamar
female,siobhan
female,renea
female,rashida
female,ouida
female,odell
female,nilsa
female,meryl
female,kristyn
female,julieta
female,danica
female,breanne
female,aurea
female,anglea
female,sherron
female,odette
female,malia
female,lorelei
female,lin
female,leesa
female,kenna
female,kathlyn
female,fiona
female,charlette
female,suzie
female,shantell
female,sabra
female,racquel
female,myong
female,mira
female,martine
female,lucienne
female,lavada
female,juliann
female,johnie
female,elvera
female,delphia
female,clair
female,christiane
female,charolette
female,carri
female,augustine
female,asha
female,angella
female,paola
female,ninfa
female,leda
female,lai
female,eda
female,sunshine
female,stefani
female,shanell
female,palma
female,machelle
female,lissa
female,kecia
female,kathryne
female,karlene
female,julissa
female,jettie
female,jenniffer
female,hui
female,corrina
female,christophe
female,carolann
female,alena
female,tess
female,rosaria
female,myrtice
female,marylee
female,liane
female,kenyatta
female,judie
female,janey
female,in
female,elmira
female,eldora
female,denna
female,cristi
female,cathi
female,zaida
female,vonnie
female,viva
female,vernie
female,rosaline
female,mariela
female,luciana
female,lesli
female,karan
female,felice
female,deneen
female,adina
female,wynona
female,tarsha
female,sheron
female,shasta
female,shanita
female,shani
female,shandra
female,randa
female,pinkie
female,paris
female,nelida
female,marilou
female,lyla
female,laurene
female,laci
female,joi
female,janene
female,dorotha
female,daniele
female,dani
female,carolynn
female,carlyn
female,berenice
female,ayesha
female,anneliese
female,alethea
female,thersa
female,tamiko
female,rufina
female,oliva
female,mozell
female,marylyn
female,madison
female,kristian
female,kathyrn
female,kasandra
female,kandace
female,janae
female,gabriel
female,domenica
female,debbra
female,dannielle
female,chun
female,buffy
female,barbie
female,arcelia
female,aja
female,zenobia
female,sharen
female,sharee
female,patrick
female,page
female,my
female,lavinia
female,kum
female,kacie
female,jackeline
female,huong
female,felisa
female,emelia
female,eleanora
female,cythia
female,cristin
female,clyde
female,claribel
female,caron
female,anastacia
female,zulma
female,zandra
female,yoko
female,tenisha
female,susann
female,sherilyn
female,shay
female,shawanda
female,sabine
female,romana
female,mathilda
female,linsey
female,keiko
female,joana
female,isela
female,gretta
female,georgetta
female,eugenie
female,dusty
female,desirae
female,delora
female,corazon
female,antonina
female,anika
female,willene
female,tracee
female,tamatha
female,regan
female,nichelle
female,mickie
female,maegan
female,luana
female,lanita
female,kelsie
female,edelmira
female,bree
female,afton
female,teodora
female,tamie
female,shena
female,meg
female,linh
female,keli
female,kaci
female,danyelle
female,britt
female,arlette
female,albertine
female,adelle
female,tiffiny
female,stormy
female,simona
female,numbers
female,nicolasa
female,nichol
female,nia
female,nakisha
female,mee
female,maira
female,loreen
female,kizzy
female,johnny
female,jay
female,fallon
female,christene
female,bobbye
female,anthony
female,ying
female,vincenza
female,tanja
female,rubie
female,roni
female,queenie
female,margarett
female,kimberli
female,irmgard
female,idell
female,hilma
female,evelina
female,esta
female,emilee
female,dennise
female,dania
female,carl
female,carie
female,antonio
female,wai
female,sang
female,risa
female,rikki
female,particia
female,mui
female,masako
female,mario
female,luvenia
female,loree
female,loni
female,lien
female,kevin
female,gigi
female,florencia
female,dorian
female,denita
female,dallas
female,chi
female,billye
female,alexander
female,tomika
female,sharita
female,rana
female,nikole
female,neoma
female,margarite
female,madalyn
female,lucina
female,laila
female,kali
female,jenette
female,gabriele
female,evelyne
female,elenora
female,clementina
female,alejandrin
female,zulema
female,violette
female,vannessa
female,thresa
female,retta
female,pia
female,patience
female,noella
female,nickie
female,jonell
female,delta
female,chung
female,chaya
female,camelia
female,bethel
female,anya
female,andrew
female,thanh
female,suzann
female,spring
female,shu
female,mila
female,lilla
female,laverna
female,keesha
female,kattie
female,gia
female,georgene
female,eveline
female,estell
female,elizbeth
female,vivienne
female,vallie
female,trudie
female,stephane
female,michel
female,magaly
female,madie
female,kenyetta
female,karren
female,janetta
female,hermine
female,harmony
female,drucilla
female,debbi
female,celestina
female,candie
female,britni
female,beckie
female,amina
female,zita
female,yun
female,yolande
female,vivien
female,vernetta
female,trudi
female,sommer
female,pearle
female,patrina
female,ossie
female,nicolle
female,loyce
female,letty
female,larisa
female,katharina
female,joselyn
female,jonelle
female,jenell
female,iesha
female,heide
female,florinda
female,florentina
female,flo
female,elodia
female,dorine
female,brunilda
female,brigid
female,ashli
female,ardella
female,twana
female,thu
female,tarah
female,sung
female,shea
female,shavon
female,shane
female,serina
female,rayna
female,ramonita
female,nga
female,margurite
female,lucrecia
female,kourtney
female,kati
female,jesus
female,jesenia
female,diamond
female,crista
female,ayana
female,alica
female,alia
female,vinnie
female,suellen
female,romelia
female,rachell
female,piper
female,olympia
female,michiko
female,kathaleen
female,jolie
female,jessi
female,janessa
female,hana
female,ha
female,elease
female,carletta
female,britany
female,shona
female,salome
female,rosamond
female,regena
female,raina
female,ngoc
female,nelia
female,louvenia
female,lesia
female,latrina
female,laticia
female,larhonda
female,jina
female,jacki
female,hollis
female,holley
female,emmy
female,deeann
female,coretta
female,arnetta
female,velvet
female,thalia
female,shanice
female,neta
female,mikki
female,micki
female,lonna
female,leana
female,lashunda
female,kiley
female,joye
female,jacqulyn
female,ignacia
female,hyun
female,hiroko
female,henry
female,henriette
female,elayne
female,delinda
female,darnell
female,dahlia
female,coreen
female,consuela
female,conchita
female,celine
female,babette
female,ayanna
female,anette
female,albertina
female,skye
female,shawnee
female,shaneka
female,quiana
female,pamelia
female,min
female,merri
female,merlene
female,margit
female,kiesha
female,kiera
female,kaylene
female,jodee
female,jenise
female,erlene
female,emmie
female,else
female,daryl
female,dalila
female,daisey
female,cody
female,casie
female,belia
female,babara
female,versie
female,vanesa
female,shelba
female,shawnda
female,sam
female,norman
female,nikia
female,naoma
female,marna
female,margeret
female,madaline
female,lawana
female,kindra
female,jutta
female,jazmine
female,janett
female,hannelore
female,glendora
female,gertrud
female,garnett
female,freeda
female,frederica
female,florance
female,flavia
female,dennis
female,carline
female,beverlee
female,anjanette
female,valda
female,trinity
female,tamala
female,stevie
female,shonna
female,sha
female,sarina
female,oneida
female,micah
female,merilyn
female,marleen
female,lurline
female,lenna
female,katherin
female,jin
female,jeni
female,hae
female,gracia
female,glady
female,farah
female,eric
female,enola
female,ema
female,dominque
female,devona
female,delana
female,cecila
female,caprice
female,alysha
female,ali
female,alethia
female,vena
female,theresia
female,tawny
female,song
female,shakira
female,samara
female,sachiko
female,rachele
female,pamella
female,nicky
female,marni
female,mariel
female,maren
female,malisa
female,ligia
female,lera
female,latoria
female,larae
female,kimber
female,kathern
female,karey
female,jennefer
female,janeth
female,halina
female,fredia
female,delisa
female,debroah
female,ciera
female,chin
female,angelika
female,andree
female,altha
female,yen
female,vivan
female,terresa
female,tanna
female,suk
female,sudie
female,soo
female,signe
female,salena
female,ronni
female,rebbecca
female,myrtie
female,mckenzie
female,malika
female,maida
female,loan
female,leonarda
female,kayleigh
female,france
female,ethyl
female,ellyn
female,dayle
female,cammie
female,brittni
female,birgit
female,avelina
female,asuncion
female,arianna
female,akiko
female,venice
female,tyesha
female,tonie
female,tiesha
female,takisha
female,steffanie
female,sindy
female,santana
female,meghann
female,manda
female,macie
female,lady
female,kellye
female,kellee
female,joslyn
female,jason
female,inger
female,indira
female,glinda
female,glennis
female,fernanda
female,faustina
female,eneida
female,elicia
female,dot
female,digna
female,dell
female,arletta
female,andre
female,willia
female,tammara
female,tabetha
female,sherrell
female,sari
female,refugio
female,rebbeca
female,pauletta
female,nieves
female,natosha
female,nakita
female,mammie
female,kenisha
female,kazuko
female,kassie
female,gary
female,earlean
female,daphine
female,corliss
female,clotilde
female,carolyne
female,bernetta
female,augustina
female,audrea
female,annis
female,annabell
female,yan
female,tennille
female,tamica
female,selene
female,sean
female,rosana
female,regenia
female,qiana
female,markita
female,macy
female,leeanne
female,laurine
female,kym
female,jessenia
female,janita
female,georgine
female,genie
female,emiko
female,elvie
female,deandra
female,dagmar
female,corie
female,collen
female,cherish
female,romaine
female,porsha
female,pearlene
female,micheline
female,merna
female,margorie
female,margaretta
female,lore
female,kenneth
female,jenine
female,hermina
female,fredericka
female,elke
female,drusilla
female,dorathy
female,dione
female,desire
female,celena
female,brigida
female,angeles
female,allegra
female,theo
female,tamekia
female,synthia
female,stephen
female,sook
female,slyvia
female,rosann
female,reatha
female,raye
female,marquetta
female,margart
female,ling
female,layla
female,kymberly
female,kiana
female,kayleen
female,katlyn
female,karmen
female,joella
female,irina
female,emelda
female,eleni
female,detra
female,clemmie
female,cheryll
female,chantell
female,cathey
female,arnita
female,arla
female,angle
female,angelic
female,alyse
female,zofia
female,thomasine
female,tennie
female,son
female,sherly
female,sherley
female,sharyl
female,remedios
female,petrina
female,nickole
female,myung
female,myrle
female,mozella
female,louanne
female,lisha
female,latia
female,lane
female,krysta
female,julienne
female,joel
female,jeanene
female,jacqualine
female,isaura
female,gwenda
female,earleen
female,donald
female,cleopatra
female,carlie
female,audie
female,antonietta
female,alise
female,alex
female,verdell
female,val
female,tyler
female,tomoko
female,thao
female,talisha
female,steven
female,so
female,shemika
female,shaun
female,scarlet
female,savanna
female,santina
female,rosia
female,raeann
female,odilia
female,nana
female,minna
female,magan
female,lynelle
female,le
female,karma
female,joeann
female,ivana
female,inell
female,ilana
female,hye
female,honey
female,hee
female,gudrun
female,frank
female,dreama
female,crissy
female,chante
female,carmelina
female,arvilla
female,arthur
female,annamae
female,alvera
female,aleida
female,aaron
female,yee
female,yanira
female,vanda
female,tianna
female,tam
female,stefania
female,shira
female,perry
female,nicol
female,nancie
female,monserrate
female,minh
female,melynda
female,melany
female,matthew
female,lovella
female,laure
female,kirby
female,kacy
female,jacquelynn
female,hyon
female,gertha
female,francisco
female,eliana
female,christena
female,christeen
female,charise
female,caterina
female,carley
female,candyce
female,arlena
female,ammie
female,yang
female,willette
female,vanita
female,tuyet
female,tiny
female,syreeta
female,silva
female,scott
female,ronald
female,penney
female,nyla
female,michal
female,maurice
female,maryam
female,marya
female,magen
female,ludie
female,loma
female,livia
female,lanell
female,kimberlie
female,julee
female,donetta
female,diedra
female,denisha
female,deane
female,dawne
female,clarine
female,cherryl
female,bronwyn
female,brandon
female,alla
female,valery
female,tonda
female,sueann
female,soraya
female,shoshana
female,shela
female,sharleen
female,shanelle
female,nerissa
female,micheal
female,meridith
female,mellie
female,maye
female,maple
female,magaret
female,luis
female,lili
female,leonila
female,leonie
female,leeanna
female,lavonia
female,lavera
female,kristel
female,kathey
female,kathe
female,justin
female,julian
female,jimmy
female,jann
female,ilda
female,hildred
female,hildegarde
female,genia
female,fumiko
female,evelin
female,ermelinda
female,elly
female,dung
female,doloris
female,dionna
female,danae
female,berneice
female,annice
female,alix
female,verena
female,verdie
female,tristan
female,shawnna
female,shawana
female,shaunna
female,rozella
female,randee
female,ranae
female,milagro
female,lynell
female,luise
female,louie
female,loida
female,lisbeth
female,karleen
female,junita
female,jona
female,isis
female,hyacinth
female,hedy
female,gwenn
female,ethelene
female,erline
female,edward
female,donya
female,domonique
female,delicia
female,dannette
female,cicely
female,branda
female,blythe
female,bethann
female,ashlyn
female,annalee
female,alline
female,yuko
female,vella
female,trang
female,towanda
female,tesha
female,sherlyn
female,narcisa
female,miguelina
female,meri
female,maybell
female,marlana
female,marguerita
female,madlyn
female,luna
female,lory
female,loriann
female,liberty
female,leonore
female,leighann
female,laurice
female,latesha
female,laronda
female,katrice
female,kasie
female,karl
female,kaley
female,jadwiga
female,glennie
female,gearldine
female,francina
female,epifania
female,dyan
female,dorie
female,diedre
female,denese
female,demetrice
female,delena
female,darby
female,cristie
female,cleora
female,catarina
female,carisa
female,bernie
female,barbera
female,almeta
female,trula
female,tereasa
female,solange
female,sheilah
female,shavonne
female,sanora
female,rochell
female,mathilde
female,margareta
female,maia
female,lynsey
female,lawanna
female,launa
female,kena
female,keena
female,katia
female,jamey
female,glynda
female,gaylene
female,elvina
female,elanor
female,danuta
female,danika
female,cristen
female,cordie
female,coletta
female,clarita
female,carmon
female,brynn
female,azucena
female,aundrea
female,angele
female,yi
female,walter
female,verlie
female,verlene
female,tamesha
female,silvana
female,sebrina
female,samira
female,reda
female,raylene
female,penni
female,pandora
female,norah
female,noma
female,mireille
female,melissia
female,maryalice
female,laraine
female,kimbery
female,karyl
female,karine
female,kam
female,jolanda
female,johana
female,jesusa
female,jaleesa
female,jae
female,jacquelyne
female,irish
female,iluminada
female,hilaria
female,hanh
female,gennie
female,francie
female,floretta
female,exie
female,edda
female,drema
female,delpha
female,bev
female,barbar
female,assunta
female,ardell
female,annalisa
female,alisia
female,yukiko
female,yolando
female,wonda
female,wei
female,waltraud
female,veta
female,tequila
female,temeka
female,tameika
female,shirleen
female,shenita
female,piedad
female,ozella
female,mirtha
female,marilu
female,kimiko
female,juliane
female,jenice
female,jen
female,janay
female,jacquiline
female,hilde
female,fe
female,fae
female,evan
female,eugene
female,elois
female,echo
female,devorah
female,chau
female,brinda
female,betsey
female,arminda
female,aracelis
female,apryl
female,annett
female,alishia
female,veola
female,usha
female,toshiko
female,theola
female,tashia
female,talitha
female,shery
female,rudy
female,renetta
female,reiko
female,rasheeda
female,omega
female,obdulia
female,mika
female,melaine
female,meggan
female,martin
female,marlen
female,marget
female,marceline
female,mana
female,magdalen
female,librada
female,lezlie
female,lexie
female,latashia
female,lasandra
female,kelle
female,isidra
female,isa
female,inocencia
female,gwyn
female,francoise
female,erminia
female,erinn
female,dimple
female,devora
female,criselda
female,armanda
female,arie
female,ariane
female,angelo
female,angelena
female,allen
female,aliza
female,adriene
female,adaline
female,xochitl
female,twanna
female,tran
female,tomiko
female,tamisha
female,taisha
female,susy
female,siu
female,rutha
female,roxy
female,rhona
female,raymond
female,otha
female,noriko
female,natashia
female,merrie
female,melvin
female,marinda
female,mariko
female,margert
female,loris
female,lizzette
female,leisha
female,kaila
female,ka
female,joannie
female,jerrica
female,jene
female,jannet
female,janee
female,jacinda
female,herta
female,elenore
female,doretta
female,delaine
female,daniell
female,claudie
female,china
female,britta
female,apolonia
female,amberly
female,alease
female,yuri
female,yuk
female,wen
female,waneta
female,ute
female,tomi
female,sharri
female,sandie
female,roselle
female,reynalda
female,raguel
female,phylicia
female,patria
female,olimpia
female,odelia
female,mitzie
female,mitchell
female,miss
female,minda
female,mignon
female,mica
female,mendy
female,marivel
female,maile
female,lynetta
female,lavette
female,lauryn
female,latrisha
female,lakiesha
female,kiersten
female,kary
female,josphine
female,jolyn
female,jetta
female,janise
female,jacquie
female,ivelisse
female,glynis
female,gianna
female,gaynelle
female,emerald
female,demetrius
female,danyell
female,danille
female,dacia
female,coralee
female,cher
female,ceola
female,brett
female,bell
female,arianne
female,aleshia
female,yung
female,williemae
female,troy
female,trinh
female,thora
female,tai
female,svetlana
female,sherika
female,shemeka
female,shaunda
female,roseline
female,ricki
female,melda
female,mallie
female,lavonna
female,latina
female,larry
female,laquanda
female,lala
female,lachelle
female,klara
female,kandis
female,johna
female,jeanmarie
female,jaye
female,hang
female,grayce
female,gertude
female,emerita
female,ebonie
female,clorinda
female,ching
female,chery
female,carola
female,breann
female,blossom
female,bernardine
female,becki
female,arletha
female,argelia
female,ara
female,alita
female,yulanda
female,yon
female,yessenia
female,tobi
female,tasia
female,sylvie
female,shirl
female,shirely
female,sheridan
female,shella
female,shantelle
female,sacha
female,royce
female,rebecka
female,reagan
female,providenci
female,paulene
female,misha
female,miki
female,marline
female,marica
female,lorita
female,latoyia
female,lasonya
female,kerstin
female,kenda
female,keitha
female,kathrin
female,jaymie
female,jack
female,gricelda
female,ginette
female,eryn
female,elina
female,elfrieda
female,danyel
female,cheree
female,chanelle
female,barrie
female,avery
female,aurore
female,annamaria
female,alleen
female,ailene
female,aide
female,yasmine
female,vashti
female,valentine
female,treasa
female,tory
female,tiffaney
female,sheryll
female,sharie
female,shanae
female,sau
female,raisa
female,pa
female,neda
female,mitsuko
female,mirella
female,milda
female,maryanna
female,maragret
female,mabelle
female,luetta
female,lorina
female,letisha
female,latarsha
female,lanelle
female,lajuana
female,krissy
female,karly
female,karena
female,jon
female,jessika
female,jerica
female,jeanelle
female,january
female,jalisa
female,jacelyn
female,izola
female,ivey
female,gregory
female,euna
female,etha
female,drew
female,domitila
female,dominica
female,daina
female,creola
female,carli
female,camie
female,bunny
female,brittny
female,ashanti
female,anisha
female,aleen
female,adah
female,yasuko
female,winter
female,viki
female,valrie
female,tona
female,tinisha
female,thi
female,terisa
female,tatum
female,taneka
female,simonne
female,shalanda
female,serita
female,ressie
female,refugia
female,paz
female,olene
female,NA
female,merrill
female,margherita
female,mandie
female,man
female,maire
female,lyndia
female,luci
female,lorriane
female,loreta
female,leonia
female,lavona
female,lashawnda
female,lakia
female,kyoko
female,krystina
female,krysten
female,kenia
female,kelsi
female,jude
female,jeanice
female,isobel
female,georgiann
female,genny
female,felicidad
female,eilene
female,deon
female,deloise
female,deedee
female,dannie
female,conception
female,clora
female,cherilyn
female,chang
female,calandra
female,berry
female,armandina
female,anisa
female,ula
female,timothy
female,tiera
female,theressa
female,stephania
female,sima
female,shyla
female,shonta
female,shera
female,shaquita
female,shala
female,sammy
female,rossana
female,nohemi
female,nery
female,moriah
female,melita
female,melida
female,melani
female,marylynn
female,marisha
female,mariette
female,malorie
female,madelene
female,ludivina
female,loria
female,lorette
female,loralee
female,lianne
female,leon
female,lavenia
female,laurinda
female,lashon
female,kit
female,kimi
female,keila
female,katelynn
female,kai
female,jone
female,joane
female,ji
female,jayna
female,janella
female,ja
female,hue
female,hertha
female,francene
female,elinore
female,despina
female,delsie
female,deedra
female,clemencia
female,carry
female,carolin
female,carlos
female,bulah
female,brittanie
female,bok
female,blondell
female,bibi
female,beaulah
female,beata
female,annita
female,agripina
female,virgen
female,valene
female,un
female,twanda
female,tommye
female,toi
female,tarra
female,tari
female,tammera
female,shakia
female,sadye
female,ruthanne
female,rochel
female,rivka
female,pura
female,nenita
female,natisha
female,ming
female,merrilee
female,melodee
female,marvis
female,lucilla
female,leena
female,laveta
female,larita
female,lanie
female,keren
female,ileen
female,georgeann
female,genna
female,genesis
female,frida
female,ewa
female,eufemia
female,emely
female,ela
female,edyth
female,deonna
female,deadra
female,darlena
female,chanell
female,chan
female,cathern
female,cassondra
female,cassaundra
female,bernarda
female,berna
female,arlinda
female,anamaria
female,albert
female,wesley
female,vertie
female,valeri
female,torri
female,tatyana
female,stasia
female,sherise
female,sherill
female,season
female,scottie
female,sanda
female,ruthe
female,rosy
female,roberto
female,robbi
female,ranee
female,quyen
female,pearly
female,palmira
female,onita
female,nisha
female,niesha
female,nida
female,nevada
female,nam
female,merlyn
female,mayola
female,marylouise
female,maryland
female,marx
female,marth
female,margene
female,madelaine
female,londa
female,leontine
female,leoma
female,leia
female,lawrence
female,lauralee
female,lanora
female,lakita
female,kiyoko
female,keturah
female,katelin
female,kareen
female,jonie
female,johnette
female,jenee
female,jeanett
female,izetta
female,hiedi
female,heike
female,hassie
female,harold
female,giuseppina
female,georgann
female,fidela
female,fernande
female,elwanda
female,ellamae
female,eliz
female,dusti
female,dotty
female,cyndy
female,coralie
female,celesta
female,argentina
female,alverta
female,xenia
female,wava
female,vanetta
female,torrie
female,tashina
female,tandy
female,tambra
female,tama
female,stepanie
female,shila
female,shaunta
female,sharan
female,shaniqua
female,shae
female,setsuko
female,serafina
female,sandee
female,rosamaria
female,priscila
female,olinda
female,nadene
female,muoi
female,michelina
female,mercedez
female,maryrose
female,marin
female,marcene
female,mao
female,magali
female,mafalda
female,logan
female,linn
female,lannie
female,kayce
female,karoline
female,kamilah
female,kamala
female,justa
female,joline
female,jennine
female,jacquetta
female,iraida
female,gerald
female,georgeanna
female,franchesca
female,fairy
female,emeline
female,elane
female,ehtel
female,earlie
female,dulcie
female,dalene
female,cris
female,classie
female,chere
female,charis
female,caroyln
female,carmina
female,carita
female,brian
female,bethanie
female,ayako
female,arica
female,an
female,alysa
female,alessandra
female,akilah
female,adrien
female,zetta
female,youlanda
female,yelena
female,yahaira
female,xuan
female,wendolyn
female,victor
female,tijuana
female,terrell
female,terina
female,teresia
female,suzi
female,sunday
female,sherell
female,shavonda
female,shaunte
female,sharda
female,shakita
female,sena
female,ryann
female,rubi
female,riva
female,reginia
female,rea
female,rachal
female,parthenia
female,pamula
female,monnie
female,monet
female,michaele
female,melia
female,marine
female,malka
female,maisha
female,lisandra
female,leo
female,lekisha
female,lean
female,laurence
female,lakendra
female,krystin
female,kortney
female,kizzie
female,kittie
female,kera
female,kendal
female,kemberly
female,kanisha
female,julene
female,jule
female,joshua
female,johanne
female,jeffrey
female,jamee
female,han
female,halley
female,gidget
female,galina
female,fredricka
female,fleta
female,fatimah
female,eusebia
female,elza
female,eleonore
female,dorthey
female,doria
female,donella
female,dinorah
female,delorse
female,claretha
female,christinia
female,charlyn
female,bong
female,belkis
female,azzie
female,andera
female,aiko
female,adena
female,yer
female,yajaira
female,wan
female,vania
female,ulrike
female,toshia
female,tifany
female,stefany
female,shizue
female,shenika
female,shawanna
female,sharolyn
female,sharilyn
female,shaquana
female,shantay
female,see
female,rozanne
female,roselee
female,rickie
female,remona
female,reanna
female,raelene
female,quinn
female,phung
female,petronila
female,natacha
female,nancey
female,myrl
female,miyoko
female,miesha
female,merideth
female,marvella
female,marquitta
female,marhta
female,marchelle
female,lizeth
female,libbie
female,lahoma
female,ladawn
female,kina
female,katheleen
female,katharyn
female,karisa
female,kaleigh
female,junie
female,julieann
female,johnsie
female,janean
female,jaimee
female,jackquelin
female,hisako
female,herma
female,helaine
female,gwyneth
female,glenn
female,gita
female,eustolia
female,emelina
female,elin
female,edris
female,donnette
female,donnetta
female,dierdre
female,denae
female,darcel
female,claude
female,clarisa
female,cinderella
female,chia
female,charlesett
female,charita
female,celsa
female,cassy
female,cassi
female,carlee
female,bruna
female,brittaney
female,brande
female,billi
female,bao
female,antonetta
female,angla
female,angelyn
female,analisa
female,alane
female,wenona
female,wendie
female,veronique
female,vannesa
female,tobie
female,tempie
female,sumiko
female,sulema
female,sparkle
female,somer
female,sheba
female,shayne
female,sharice
female,shanel
female,shalon
female,sage
female,roy
female,rosio
female,roselia
female,renay
female,rema
female,reena
female,porsche
female,ping
female,peg
female,ozie
female,oretha
female,oralee
female,oda
female,nu
female,ngan
female,nakesha
female,milly
female,marybelle
female,marlin
female,maris
female,margrett
female,maragaret
female,manie
female,lurlene
female,lillia
female,lieselotte
female,lavelle
female,lashaunda
female,lakeesha
female,keith
female,kaycee
female,kalyn
female,joya
female,joette
female,jenae
female,janiece
female,illa
female,grisel
female,glayds
female,genevie
female,gala
female,fredda
female,fred
female,elmer
female,eleonor
female,debera
female,deandrea
female,dan
female,corrinne
female,cordia
female,contessa
female,colene
female,cleotilde
female,charlott
female,chantay
female,cecille
female,beatris
female,azalee
female,arlean
female,ardath
female,anjelica
female,anja
female,alfredia
female,aleisha
female,adam
female,zada
female,yuonne
female,xiao
female,willodean
female,whitley
female,vennie
female,vanna
female,tyisha
female,tova
female,torie
female,tonisha
female,tilda
female,tien
female,temple
female,sirena
female,sherril
female,shanti
female,shan
female,senaida
female,samella
female,robbyn
female,renda
female,reita
female,phebe
female,paulita
female,nobuko
female,nguyet
female,neomi
female,moon
female,mikaela
female,melania
female,maximina
female,marg
female,maisie
female,lynna
female,lilli
female,layne
female,lashaun
female,lakenya
female,lael
female,kirstie
female,kathline
female,kasha
female,karlyn
female,karima
female,jovan
female,josefine
female,jennell
female,jacqui
female,jackelyn
female,hyo
female,hien
female,grazyna
female,florrie
female,floria
female,eleonora
female,dwana
female,dorla
female,dong
female,delmy
female,deja
female,dede
female,dann
female,crysta
female,clelia
female,claris
female,clarence
female,chieko
female,cherlyn
female,cherelle
female,charmain
female,chara
female,cammy
female,bee
female,arnette
female,ardelle
female,annika
female,amiee
female,amee
female,allena
female,yvone
female,yuki
female,yoshie
female,yevette
female,yael
female,willetta
female,voncile
female,venetta
female,tula
female,tonette
female,timika
female,temika
female,telma
female,teisha
female,taren
female,ta
female,stacee
female,shin
female,shawnta
female,saturnina
female,ricarda
female,pok
female,pasty
female,onie
female,nubia
female,mora
female,mike
female,marielle
female,mariella
female,marianela
female,mardell
female,many
female,luanna
female,loise
female,lisabeth
female,lindsy
female,lilliana
female,lilliam
female,lelah
female,leigha
female,leanora
female,lang
female,kristeen
female,khalilah
female,keeley
female,kandra
female,junko
female,joaquina
female,jerlene
female,jani
female,jamika
female,jame
female,hsiu
female,hermila
female,golden
female,genevive
female,evia
female,eugena
female,emmaline
female,elfreda
female,elene
female,donette
female,delcie
female,deeanna
female,darcey
female,cuc
female,clarinda
female,cira
female,chae
female,celinda
female,catheryn
female,catherin
female,casimira
female,carmelia
female,camellia
female,breana
female,bobette
female,bernardina
female,bebe
female,basilia
female,arlyne
female,amal
female,alayna
female,zonia
female,zenia
female,yuriko
female,yaeko
female,wynell
female,willow
female,willena
female,vernia
female,tu
female,travis
female,tora
female,terrilyn
female,terica
female,tenesha
female,tawna
female,tajuana
female,taina
female,stephnie
female,sona
female,sol
female,sina
female,shondra
female,shizuko
female,sherlene
female,sherice
female,sharika
female,rossie
female,rosena
female,rory
female,rima
female,ria
female,rheba
female,renna
female,peter
female,natalya
female,nancee
female,melodi
female,meda
female,maxima
female,matha
female,marketta
female,maricruz
female,marcelene
female,malvina
female,luba
female,louetta
female,leida
female,lecia
female,lauran
female,lashawna
female,laine
female,khadijah
female,katerine
female,kasi
female,kallie
female,julietta
female,jesusita
female,jestine
female,jessia
female,jeremy
female,jeffie
female,janyce
female,isadora
female,georgianne
female,fidelia
female,evita
female,eura
female,eulah
female,estefana
female,elsy
female,elizabet
female,eladia
female,dodie
female,dion
female,dia
female,denisse
female,deloras
female,delila
female,daysi
female,dakota
female,curtis
female,crystle
female,concha
female,colby
female,claretta
female,chu
female,christia
female,charlsie
female,charlena
female,carylon
female,bettyann
female,asley
female,ashlea
female,amira
female,ai
female,agueda
female,agnus
female,yuette
female,vinita
female,victorina
female,tynisha
female,treena
female,toccara
female,tish
female,thomasena
female,tegan
female,soila
female,shiloh
female,shenna
female,sharmaine
female,shantae
female,shandi
female,september
female,saran
female,sarai
female,sana
female,samuel
female,salley
female,rosette
female,rolande
female,regine
female,otelia
female,oscar
female,olevia
female,nicholle
female,necole
female,naida
female,myrta
female,myesha
female,mitsue
female,minta
female,mertie
female,margy
female,mahalia
female,madalene
female,love
female,loura
female,lorean
female,lewis
female,lesha
female,leonida
female,lenita
female,lavone
female,lashell
female,lashandra
female,lamonica
female,kimbra
female,katherina
female,karry
female,kanesha
female,julio
female,jong
female,jeneva
female,jaquelyn
female,hwa
female,gilma
female,ghislaine
female,gertrudis
female,fransisca
female,fermina
female,ettie
female,etsuko
female,ellis
female,ellan
female,elidia
female,edra
female,dorethea
female,doreatha
female,denyse
female,denny
female,deetta
female,daine
female,cyrstal
female,corrin
female,cayla
female,carlita
female,camila
female,burma
female,bula
female,buena
female,blake
female,barabara
female,avril
female,austin
female,alaine
female,zana
female,wilhemina
female,wanetta
female,virgil
female,vi
female,veronika
female,vernon
female,verline
female,vasiliki
female,tonita
female,tisa
female,teofila
female,tayna
female,taunya
female,tandra
female,takako
female,sunni
female,suanne
female,sixta
female,sharell
female,seema
female,russell
female,rosenda
female,robena
female,raymonde
female,pei
female,pamila
female,ozell
female,neida
female,neely
female,mistie
female,micha
female,merissa
female,maurita
female,maryln
female,maryetta
female,marshall
female,marcell
female,malena
female,makeda
female,maddie
female,lovetta
female,lourie
female,lorrine
female,lorilee
female,lester
female,laurena
female,lashay
female,larraine
female,laree
female,lacresha
female,kristle
female,krishna
female,keva
female,keira
female,karole
female,joie
female,jinny
female,jeannetta
female,jama
female,heidy
female,gilberte
female,gema
female,faviola
female,evelynn
female,enda
female,elli
female,ellena
female,divina
female,dagny
female,collene
female,codi
female,cindie
female,chassidy
female,chasidy
female,catrice
female,catherina
female,cassey
female,caroll
female,carlena
female,candra
female,calista
female,bryanna
female,britteny
female,beula
female,bari
female,audrie
female,audria
female,ardelia
female,annelle
female,angila
female,alona
female,allyn
